world,arm,logging,T,alpha,replicas,seed,reconciliation,n_obs,decl_elected,decl_reason,decl_n_warranting,decl_n_appearing,decl_n_props,decl_n_conflicts,decl_APPLICABLE,decl_OUT_OF_SCOPE,decl_AGED,decl_UNEVALUABLE,aged_inside_window,sstar_kind,n_supporting,n_contradicting,supp_seq_min,supp_seq_max,contra_seq_min,contra_seq_max,order_legible,decay_strategy,decay_better_share,decay_weight_sstar,current_strategy,current_counted,current_excluded,p2_hits,p2_total,p4_tp,p4_fp,p4_fn,p4_branch_ok,p4_returned_ok,p4_n_aged_pre_tau1,p4_branch_expected,p4b_all_excluded,p5_divergent,confusion_json
A,A-logged,logged,40,strict,1,1,,40,,out_of_scope_or_aged,40,0,1,1,40,0,0,0,0,B,22,12,0,39,6,38,True,s_star,0.55,0.55,s_star,40,0,0,0,,,,,,,,,True,"{""aged_or_applicable>APPLICABLE"": 40}"
A,A-logged,logged,40,strict,1,2,,40,,out_of_scope_or_aged,40,0,1,1,40,0,0,0,0,B,22,13,0,30,2,39,True,s_star,0.55,0.55,s_star,40,0,0,0,,,,,,,,,True,"{""aged_or_applicable>APPLICABLE"": 40}"
A,A-logged,logged,40,strict,1,3,,40,,out_of_scope_or_aged,40,0,1,1,40,0,0,0,0,B,24,12,0,39,2,38,True,s_star,0.6,0.6,s_star,40,0,0,0,,,,,,,,,True,"{""aged_or_applicable>APPLICABLE"": 40}"
A,A-logged,logged,40,strict,1,4,,40,,out_of_scope_or_aged,40,0,1,1,40,0,0,0,0,B,17,12,1,39,6,38,True,s_star,0.425,0.425,s_star,40,0,0,0,,,,,,,,,True,"{""aged_or_applicable>APPLICABLE"": 40}"
A,A-logged,logged,40,strict,1,5,,40,,out_of_scope_or_aged,40,0,1,1,40,0,0,0,0,B,23,10,2,38,0,39,True,s_star,0.575,0.575,s_star,40,0,0,0,,,,,,,,,True,"{""aged_or_applicable>APPLICABLE"": 40}"
A,A-logged,logged,40,strict,1,6,,40,,out_of_scope_or_aged,40,0,1,1,40,0,0,0,0,B,23,10,0,37,14,39,True,s_star,0.575,0.575,s_star,40,0,0,0,,,,,,,,,True,"{""aged_or_applicable>APPLICABLE"": 40}"
A,A-logged,logged,40,strict,1,7,,40,,out_of_scope_or_aged,40,0,1,1,40,0,0,0,0,B,24,11,0,39,7,38,True,s_star,0.6,0.6,s_star,40,0,0,0,,,,,,,,,True,"{""aged_or_applicable>APPLICABLE"": 40}"
A,A-logged,logged,40,strict,1,8,,40,,out_of_scope_or_aged,40,0,1,1,40,0,0,0,0,B,28,8,0,39,3,37,True,s_star,0.7,0.7,s_star,40,0,0,0,,,,,,,,,True,"{""aged_or_applicable>APPLICABLE"": 40}"
A,A-logged,logged,40,strict,1,9,,40,,out_of_scope_or_aged,40,0,1,1,40,0,0,0,0,B,18,11,1,39,3,33,True,s_star,0.45,0.45,s_star,40,0,0,0,,,,,,,,,True,"{""aged_or_applicable>APPLICABLE"": 40}"
A,A-logged,logged,40,strict,1,10,,40,,out_of_scope_or_aged,40,0,1,1,40,0,0,0,0,B,22,11,1,37,2,39,True,s_star,0.55,0.55,s_star,40,0,0,0,,,,,,,,,True,"{""aged_or_applicable>APPLICABLE"": 40}"
A,A-logged,logged,40,strict,1,11,,40,,out_of_scope_or_aged,40,0,1,1,40,0,0,0,0,B,24,10,0,39,12,36,True,s_star,0.6,0.6,s_star,40,0,0,0,,,,,,,,,True,"{""aged_or_applicable>APPLICABLE"": 40}"
A,A-logged,logged,40,strict,1,12,,40,,out_of_scope_or_aged,40,0,1,1,40,0,0,0,0,B,23,7,0,38,20,39,True,s_star,0.575,0.575,s_star,40,0,0,0,,,,,,,,,True,"{""aged_or_applicable>APPLICABLE"": 40}"
A,A-logged,logged,40,strict,1,13,,40,,out_of_scope_or_aged,40,0,1,1,40,0,0,0,0,B,18,13,3,38,2,36,True,s_star,0.45,0.45,s_star,40,0,0,0,,,,,,,,,True,"{""aged_or_applicable>APPLICABLE"": 40}"
A,A-logged,logged,40,strict,1,14,,40,,out_of_scope_or_aged,40,0,1,1,40,0,0,0,0,B,21,12,1,37,0,39,True,s_star,0.525,0.525,s_star,40,0,0,0,,,,,,,,,True,"{""aged_or_applicable>APPLICABLE"": 40}"
A,A-logged,logged,40,strict,1,15,,40,,out_of_scope_or_aged,40,0,1,1,40,0,0,0,0,B,26,8,0,39,1,31,True,s_star,0.65,0.65,s_star,40,0,0,0,,,,,,,,,True,"{""aged_or_applicable>APPLICABLE"": 40}"
A,A-logged,logged,40,strict,1,16,,40,,out_of_scope_or_aged,40,0,1,1,40,0,0,0,0,B,19,12,0,34,9,39,True,s_star,0.475,0.475,s_star,40,0,0,0,,,,,,,,,True,"{""aged_or_applicable>APPLICABLE"": 40}"
A,A-logged,logged,40,strict,1,17,,40,,out_of_scope_or_aged,40,0,1,1,40,0,0,0,0,B,24,12,1,37,0,39,True,s_star,0.6,0.6,s_star,40,0,0,0,,,,,,,,,True,"{""aged_or_applicable>APPLICABLE"": 40}"
A,A-logged,logged,40,strict,1,18,,40,,out_of_scope_or_aged,40,0,1,1,40,0,0,0,0,B,20,13,0,38,11,39,True,s_star,0.5,0.5,s_star,40,0,0,0,,,,,,,,,True,"{""aged_or_applicable>APPLICABLE"": 40}"
A,A-logged,logged,40,strict,1,19,,40,,out_of_scope_or_aged,40,0,1,1,40,0,0,0,0,B,20,14,0,32,6,39,True,s_star,0.5,0.5,s_star,40,0,0,0,,,,,,,,,True,"{""aged_or_applicable>APPLICABLE"": 40}"
A,A-logged,logged,40,strict,1,20,,40,,out_of_scope_or_aged,40,0,1,1,40,0,0,0,0,B,27,11,0,39,15,38,True,s_star,0.675,0.675,s_star,40,0,0,0,,,,,,,,,True,"{""aged_or_applicable>APPLICABLE"": 40}"
A,A-logged,logged,40,lenient,1,1,,40,,out_of_scope_or_aged,40,0,1,1,40,0,0,0,0,B,22,12,0,39,6,38,True,s_star,0.55,0.55,s_star,40,0,0,0,,,,,,,,,True,"{""aged_or_applicable>APPLICABLE"": 40}"
A,A-logged,logged,40,lenient,1,2,,40,,out_of_scope_or_aged,40,0,1,1,40,0,0,0,0,B,22,13,0,30,2,39,True,s_star,0.55,0.55,s_star,40,0,0,0,,,,,,,,,True,"{""aged_or_applicable>APPLICABLE"": 40}"
A,A-logged,logged,40,lenient,1,3,,40,,out_of_scope_or_aged,40,0,1,1,40,0,0,0,0,B,24,12,0,39,2,38,True,s_star,0.6,0.6,s_star,40,0,0,0,,,,,,,,,True,"{""aged_or_applicable>APPLICABLE"": 40}"
A,A-logged,logged,40,lenient,1,4,,40,,out_of_scope_or_aged,40,0,1,1,40,0,0,0,0,B,17,12,1,39,6,38,True,s_star,0.425,0.425,s_star,40,0,0,0,,,,,,,,,True,"{""aged_or_applicable>APPLICABLE"": 40}"
A,A-logged,logged,40,lenient,1,5,,40,,out_of_scope_or_aged,40,0,1,1,40,0,0,0,0,B,23,10,2,38,0,39,True,s_star,0.575,0.575,s_star,40,0,0,0,,,,,,,,,True,"{""aged_or_applicable>APPLICABLE"": 40}"
A,A-logged,logged,40,lenient,1,6,,40,,out_of_scope_or_aged,40,0,1,1,40,0,0,0,0,B,23,10,0,37,14,39,True,s_star,0.575,0.575,s_star,40,0,0,0,,,,,,,,,True,"{""aged_or_applicable>APPLICABLE"": 40}"
A,A-logged,logged,40,lenient,1,7,,40,,out_of_scope_or_aged,40,0,1,1,40,0,0,0,0,B,24,11,0,39,7,38,True,s_star,0.6,0.6,s_star,40,0,0,0,,,,,,,,,True,"{""aged_or_applicable>APPLICABLE"": 40}"
A,A-logged,logged,40,lenient,1,8,,40,,out_of_scope_or_aged,40,0,1,1,40,0,0,0,0,B,28,8,0,39,3,37,True,s_star,0.7,0.7,s_star,40,0,0,0,,,,,,,,,True,"{""aged_or_applicable>APPLICABLE"": 40}"
A,A-logged,logged,40,lenient,1,9,,40,,out_of_scope_or_aged,40,0,1,1,40,0,0,0,0,B,18,11,1,39,3,33,True,s_star,0.45,0.45,s_star,40,0,0,0,,,,,,,,,True,"{""aged_or_applicable>APPLICABLE"": 40}"
A,A-logged,logged,40,lenient,1,10,,40,,out_of_scope_or_aged,40,0,1,1,40,0,0,0,0,B,22,11,1,37,2,39,True,s_star,0.55,0.55,s_star,40,0,0,0,,,,,,,,,True,"{""aged_or_applicable>APPLICABLE"": 40}"
A,A-logged,logged,40,lenient,1,11,,40,,out_of_scope_or_aged,40,0,1,1,40,0,0,0,0,B,24,10,0,39,12,36,True,s_star,0.6,0.6,s_star,40,0,0,0,,,,,,,,,True,"{""aged_or_applicable>APPLICABLE"": 40}"
A,A-logged,logged,40,lenient,1,12,,40,,out_of_scope_or_aged,40,0,1,1,40,0,0,0,0,B,23,7,0,38,20,39,True,s_star,0.575,0.575,s_star,40,0,0,0,,,,,,,,,True,"{""aged_or_applicable>APPLICABLE"": 40}"
A,A-logged,logged,40,lenient,1,13,,40,,out_of_scope_or_aged,40,0,1,1,40,0,0,0,0,B,18,13,3,38,2,36,True,s_star,0.45,0.45,s_star,40,0,0,0,,,,,,,,,True,"{""aged_or_applicable>APPLICABLE"": 40}"
A,A-logged,logged,40,lenient,1,14,,40,,out_of_scope_or_aged,40,0,1,1,40,0,0,0,0,B,21,12,1,37,0,39,True,s_star,0.525,0.525,s_star,40,0,0,0,,,,,,,,,True,"{""aged_or_applicable>APPLICABLE"": 40}"
A,A-logged,logged,40,lenient,1,15,,40,,out_of_scope_or_aged,40,0,1,1,40,0,0,0,0,B,26,8,0,39,1,31,True,s_star,0.65,0.65,s_star,40,0,0,0,,,,,,,,,True,"{""aged_or_applicable>APPLICABLE"": 40}"
A,A-logged,logged,40,lenient,1,16,,40,,out_of_scope_or_aged,40,0,1,1,40,0,0,0,0,B,19,12,0,34,9,39,True,s_star,0.475,0.475,s_star,40,0,0,0,,,,,,,,,True,"{""aged_or_applicable>APPLICABLE"": 40}"
A,A-logged,logged,40,lenient,1,17,,40,,out_of_scope_or_aged,40,0,1,1,40,0,0,0,0,B,24,12,1,37,0,39,True,s_star,0.6,0.6,s_star,40,0,0,0,,,,,,,,,True,"{""aged_or_applicable>APPLICABLE"": 40}"
A,A-logged,logged,40,lenient,1,18,,40,,out_of_scope_or_aged,40,0,1,1,40,0,0,0,0,B,20,13,0,38,11,39,True,s_star,0.5,0.5,s_star,40,0,0,0,,,,,,,,,True,"{""aged_or_applicable>APPLICABLE"": 40}"
A,A-logged,logged,40,lenient,1,19,,40,,out_of_scope_or_aged,40,0,1,1,40,0,0,0,0,B,20,14,0,32,6,39,True,s_star,0.5,0.5,s_star,40,0,0,0,,,,,,,,,True,"{""aged_or_applicable>APPLICABLE"": 40}"
A,A-logged,logged,40,lenient,1,20,,40,,out_of_scope_or_aged,40,0,1,1,40,0,0,0,0,B,27,11,0,39,15,38,True,s_star,0.675,0.675,s_star,40,0,0,0,,,,,,,,,True,"{""aged_or_applicable>APPLICABLE"": 40}"
A,A-logged,logged,160,strict,1,1,,160,,B_blocking,40,40,1,1,40,0,120,0,0,B,17,20,123,158,120,159,True,s_star,0.5326885859450531,0.5326885859450533,s_star,160,0,0,0,,,,,,,,,True,"{""aged_or_applicable>AGED"": 120, ""aged_or_applicable>APPLICABLE"": 40}"
A,A-logged,logged,160,strict,1,2,,160,,B_blocking,40,40,1,1,40,0,120,0,0,B,16,18,120,155,122,159,True,s_star,0.5716174957731838,0.5716174957731838,s_star,160,0,0,0,,,,,,,,,True,"{""aged_or_applicable>AGED"": 120, ""aged_or_applicable>APPLICABLE"": 40}"
A,A-logged,logged,160,strict,1,3,,160,,B_blocking,40,40,1,1,40,0,120,0,0,B,17,17,125,157,121,158,True,s_star,0.5254138718875566,0.5254138718875567,s_star,160,0,0,0,,,,,,,,,True,"{""aged_or_applicable>AGED"": 120, ""aged_or_applicable>APPLICABLE"": 40}"
A,A-logged,logged,160,strict,1,4,,160,,B_blocking,40,40,1,1,40,0,120,0,0,B,10,23,120,158,121,159,True,s_star,0.4750998278704511,0.4750998278704512,s_star,160,0,0,0,,,,,,,,,True,"{""aged_or_applicable>AGED"": 120, ""aged_or_applicable>APPLICABLE"": 40}"
A,A-logged,logged,160,strict,1,5,,160,,B_blocking,40,40,1,1,40,0,120,0,0,B,17,19,121,156,122,159,True,s_star,0.5206113535740561,0.5206113535740562,s_star,160,0,0,0,,,,,,,,,True,"{""aged_or_applicable>AGED"": 120, ""aged_or_applicable>APPLICABLE"": 40}"
A,A-logged,logged,160,strict,1,6,,160,,B_blocking,40,40,1,1,40,0,120,0,0,B,17,17,121,157,120,159,True,s_star,0.5091686562543518,0.5091686562543518,s_star,160,0,0,0,,,,,,,,,True,"{""aged_or_applicable>AGED"": 120, ""aged_or_applicable>APPLICABLE"": 40}"
A,A-logged,logged,160,strict,1,7,,160,,B_blocking,40,40,1,1,40,0,120,0,0,B,13,19,120,159,121,157,True,s_star,0.5045284282116286,0.5045284282116286,s_star,160,0,0,0,,,,,,,,,True,"{""aged_or_applicable>AGED"": 120, ""aged_or_applicable>APPLICABLE"": 40}"
A,A-logged,logged,160,strict,1,8,,160,,B_blocking,40,40,1,1,40,0,120,0,0,B,18,16,122,158,120,159,True,s_star,0.5753641939729981,0.5753641939729982,s_star,160,0,0,0,,,,,,,,,True,"{""aged_or_applicable>AGED"": 120, ""aged_or_applicable>APPLICABLE"": 40}"
A,A-logged,logged,160,strict,1,9,,160,,B_blocking,40,40,1,1,40,0,120,0,0,B,16,21,125,158,120,159,True,s_star,0.4712077186690814,0.47120771866908145,s_star,160,0,0,0,,,,,,,,,True,"{""aged_or_applicable>AGED"": 120, ""aged_or_applicable>APPLICABLE"": 40}"
A,A-logged,logged,160,strict,1,10,,160,,B_blocking,40,40,1,1,40,0,120,0,0,B,16,13,123,159,120,158,True,s_star,0.5908852729705177,0.5908852729705177,s_star,160,0,0,0,,,,,,,,,True,"{""aged_or_applicable>AGED"": 120, ""aged_or_applicable>APPLICABLE"": 40}"
A,A-logged,logged,160,strict,1,11,,160,,B_blocking,40,40,1,1,40,0,120,0,0,B,17,20,120,156,122,159,True,s_star,0.5677000641441621,0.5677000641441621,s_star,160,0,0,0,,,,,,,,,True,"{""aged_or_applicable>AGED"": 120, ""aged_or_applicable>APPLICABLE"": 40}"
A,A-logged,logged,160,strict,1,12,,160,,B_blocking,40,40,1,1,40,0,120,0,0,B,20,14,120,159,128,156,True,s_star,0.5102882808438753,0.5102882808438755,s_star,160,0,0,0,,,,,,,,,True,"{""aged_or_applicable>AGED"": 120, ""aged_or_applicable>APPLICABLE"": 40}"
A,A-logged,logged,160,strict,1,13,,160,,B_blocking,40,40,1,1,40,0,120,0,0,B,20,14,121,157,120,159,True,s_star,0.5279214664906952,0.5279214664906952,s_star,160,0,0,0,,,,,,,,,True,"{""aged_or_applicable>AGED"": 120, ""aged_or_applicable>APPLICABLE"": 40}"
A,A-logged,logged,160,strict,1,14,,160,,B_blocking,40,40,1,1,40,0,120,0,0,B,21,13,121,157,120,155,True,s_star,0.5967436719648304,0.5967436719648305,s_star,160,0,0,0,,,,,,,,,True,"{""aged_or_applicable>AGED"": 120, ""aged_or_applicable>APPLICABLE"": 40}"
A,A-logged,logged,160,strict,1,15,,160,,B_blocking,40,40,1,1,40,0,120,0,0,B,12,22,122,159,120,158,True,s_star,0.4647269671053692,0.46472696710536926,s_star,160,0,0,0,,,,,,,,,True,"{""aged_or_applicable>AGED"": 120, ""aged_or_applicable>APPLICABLE"": 40}"
A,A-logged,logged,160,strict,1,16,,160,,B_blocking,40,40,1,1,40,0,120,0,0,B,13,20,121,157,122,159,True,s_star,0.4977636443738248,0.49776364437382487,s_star,160,0,0,0,,,,,,,,,True,"{""aged_or_applicable>AGED"": 120, ""aged_or_applicable>APPLICABLE"": 40}"
A,A-logged,logged,160,strict,1,17,,160,,B_blocking,40,40,1,1,40,0,120,0,0,B,17,17,121,158,120,159,True,s_star,0.5845501563198897,0.5845501563198898,s_star,160,0,0,0,,,,,,,,,True,"{""aged_or_applicable>AGED"": 120, ""aged_or_applicable>APPLICABLE"": 40}"
A,A-logged,logged,160,strict,1,18,,160,,B_blocking,40,40,1,1,40,0,120,0,0,B,20,14,125,158,120,159,True,s_star,0.5385725461151358,0.5385725461151359,s_star,160,0,0,0,,,,,,,,,True,"{""aged_or_applicable>AGED"": 120, ""aged_or_applicable>APPLICABLE"": 40}"
A,A-logged,logged,160,strict,1,19,,160,,B_blocking,40,40,1,1,40,0,120,0,0,B,18,17,121,159,120,158,True,s_star,0.5533823862508624,0.5533823862508624,s_star,160,0,0,0,,,,,,,,,True,"{""aged_or_applicable>AGED"": 120, ""aged_or_applicable>APPLICABLE"": 40}"
A,A-logged,logged,160,strict,1,20,,160,,B_blocking,40,40,1,1,40,0,120,0,0,B,19,12,120,156,126,158,True,s_star,0.590134969102772,0.590134969102772,s_star,160,0,0,0,,,,,,,,,True,"{""aged_or_applicable>AGED"": 120, ""aged_or_applicable>APPLICABLE"": 40}"
A,A-logged,logged,160,lenient,1,1,,160,,B_blocking,120,40,1,1,120,0,40,0,0,B,60,47,40,158,44,159,True,s_star,0.5326885859450531,0.5326885859450533,s_star,160,0,0,0,,,,,,,,,True,"{""aged_or_applicable>AGED"": 40, ""aged_or_applicable>APPLICABLE"": 120}"
A,A-logged,logged,160,lenient,1,2,,160,,B_blocking,120,40,1,1,120,0,40,0,0,B,66,36,41,155,42,159,True,s_star,0.5716174957731838,0.5716174957731838,s_star,160,0,0,0,,,,,,,,,True,"{""aged_or_applicable>AGED"": 40, ""aged_or_applicable>APPLICABLE"": 120}"
A,A-logged,logged,160,lenient,1,3,,160,,B_blocking,120,40,1,1,120,0,40,0,0,B,59,45,41,157,40,158,True,s_star,0.5254138718875566,0.5254138718875567,s_star,160,0,0,0,,,,,,,,,True,"{""aged_or_applicable>AGED"": 40, ""aged_or_applicable>APPLICABLE"": 120}"
A,A-logged,logged,160,lenient,1,4,,160,,B_blocking,120,40,1,1,120,0,40,0,0,B,55,47,42,158,40,159,True,s_star,0.4750998278704511,0.4750998278704512,s_star,160,0,0,0,,,,,,,,,True,"{""aged_or_applicable>AGED"": 40, ""aged_or_applicable>APPLICABLE"": 120}"
A,A-logged,logged,160,lenient,1,5,,160,,B_blocking,120,40,1,1,120,0,40,0,0,B,60,43,40,156,41,159,True,s_star,0.5206113535740561,0.5206113535740562,s_star,160,0,0,0,,,,,,,,,True,"{""aged_or_applicable>AGED"": 40, ""aged_or_applicable>APPLICABLE"": 120}"
A,A-logged,logged,160,lenient,1,6,,160,,B_blocking,120,40,1,1,120,0,40,0,0,B,58,38,40,157,44,159,True,s_star,0.5091686562543518,0.5091686562543518,s_star,160,0,0,0,,,,,,,,,True,"{""aged_or_applicable>AGED"": 40, ""aged_or_applicable>APPLICABLE"": 120}"
A,A-logged,logged,160,lenient,1,7,,160,,B_blocking,120,40,1,1,120,0,40,0,0,B,58,40,40,159,43,157,True,s_star,0.5045284282116286,0.5045284282116286,s_star,160,0,0,0,,,,,,,,,True,"{""aged_or_applicable>AGED"": 40, ""aged_or_applicable>APPLICABLE"": 120}"
A,A-logged,logged,160,lenient,1,8,,160,,B_blocking,120,40,1,1,120,0,40,0,0,B,67,38,43,158,41,159,True,s_star,0.5753641939729981,0.5753641939729982,s_star,160,0,0,0,,,,,,,,,True,"{""aged_or_applicable>AGED"": 40, ""aged_or_applicable>APPLICABLE"": 120}"
A,A-logged,logged,160,lenient,1,9,,160,,B_blocking,120,40,1,1,120,0,40,0,0,B,56,55,40,158,42,159,True,s_star,0.4712077186690814,0.47120771866908145,s_star,160,0,0,0,,,,,,,,,True,"{""aged_or_applicable>AGED"": 40, ""aged_or_applicable>APPLICABLE"": 120}"
A,A-logged,logged,160,lenient,1,10,,160,,B_blocking,120,40,1,1,120,0,40,0,0,B,69,35,42,159,40,158,True,s_star,0.5908852729705177,0.5908852729705177,s_star,160,0,0,0,,,,,,,,,True,"{""aged_or_applicable>AGED"": 40, ""aged_or_applicable>APPLICABLE"": 120}"
A,A-logged,logged,160,lenient,1,11,,160,,B_blocking,120,40,1,1,120,0,40,0,0,B,67,40,40,156,45,159,True,s_star,0.5677000641441621,0.5677000641441621,s_star,160,0,0,0,,,,,,,,,True,"{""aged_or_applicable>AGED"": 40, ""aged_or_applicable>APPLICABLE"": 120}"
A,A-logged,logged,160,lenient,1,12,,160,,B_blocking,120,40,1,1,120,0,40,0,0,B,59,40,40,159,43,156,True,s_star,0.5102882808438753,0.5102882808438755,s_star,160,0,0,0,,,,,,,,,True,"{""aged_or_applicable>AGED"": 40, ""aged_or_applicable>APPLICABLE"": 120}"
A,A-logged,logged,160,lenient,1,13,,160,,B_blocking,120,40,1,1,120,0,40,0,0,B,64,39,40,157,42,159,True,s_star,0.5279214664906952,0.5279214664906952,s_star,160,0,0,0,,,,,,,,,True,"{""aged_or_applicable>AGED"": 40, ""aged_or_applicable>APPLICABLE"": 120}"
A,A-logged,logged,160,lenient,1,14,,160,,B_blocking,120,40,1,1,120,0,40,0,0,B,71,33,40,157,43,155,True,s_star,0.5967436719648304,0.5967436719648305,s_star,160,0,0,0,,,,,,,,,True,"{""aged_or_applicable>AGED"": 40, ""aged_or_applicable>APPLICABLE"": 120}"
A,A-logged,logged,160,lenient,1,15,,160,,B_blocking,120,40,1,1,120,0,40,0,0,B,54,46,40,159,47,158,True,s_star,0.4647269671053692,0.46472696710536926,s_star,160,0,0,0,,,,,,,,,True,"{""aged_or_applicable>AGED"": 40, ""aged_or_applicable>APPLICABLE"": 120}"
A,A-logged,logged,160,lenient,1,16,,160,,B_blocking,120,40,1,1,120,0,40,0,0,B,59,45,40,157,42,159,True,s_star,0.4977636443738248,0.49776364437382487,s_star,160,0,0,0,,,,,,,,,True,"{""aged_or_applicable>AGED"": 40, ""aged_or_applicable>APPLICABLE"": 120}"
A,A-logged,logged,160,lenient,1,17,,160,,B_blocking,120,40,1,1,120,0,40,0,0,B,69,38,40,158,50,159,True,s_star,0.5845501563198897,0.5845501563198898,s_star,160,0,0,0,,,,,,,,,True,"{""aged_or_applicable>AGED"": 40, ""aged_or_applicable>APPLICABLE"": 120}"
A,A-logged,logged,160,lenient,1,18,,160,,B_blocking,120,40,1,1,120,0,40,0,0,B,62,42,40,158,44,159,True,s_star,0.5385725461151358,0.5385725461151359,s_star,160,0,0,0,,,,,,,,,True,"{""aged_or_applicable>AGED"": 40, ""aged_or_applicable>APPLICABLE"": 120}"
A,A-logged,logged,160,lenient,1,19,,160,,B_blocking,120,40,1,1,120,0,40,0,0,B,66,38,40,159,41,158,True,s_star,0.5533823862508624,0.5533823862508624,s_star,160,0,0,0,,,,,,,,,True,"{""aged_or_applicable>AGED"": 40, ""aged_or_applicable>APPLICABLE"": 120}"
A,A-logged,logged,160,lenient,1,20,,160,,B_blocking,120,40,1,1,120,0,40,0,0,B,70,31,40,156,42,158,True,s_star,0.590134969102772,0.590134969102772,s_star,160,0,0,0,,,,,,,,,True,"{""aged_or_applicable>AGED"": 40, ""aged_or_applicable>APPLICABLE"": 120}"
B,B-logged,logged,40,strict,1,1,,40,,out_of_scope_or_aged,20,0,1,1,20,20,0,0,0,B,8,11,12,39,10,38,True,s_star,0.55,0.55,,20,20,20,20,,,,,,,,,True,"{""applicable>APPLICABLE"": 20, ""out_of_scope>OUT_OF_SCOPE"": 20}"
B,B-logged,logged,40,strict,1,2,,40,,out_of_scope_or_aged,20,0,1,1,20,20,0,0,0,B,3,14,11,30,10,39,True,s_star,0.5,0.5,,20,20,20,20,,,,,,,,,True,"{""applicable>APPLICABLE"": 20, ""out_of_scope>OUT_OF_SCOPE"": 20}"
B,B-logged,logged,40,strict,1,3,,40,,out_of_scope_or_aged,20,0,1,1,20,20,0,0,0,B,6,12,16,39,10,38,True,s_star,0.575,0.575,,20,20,20,20,,,,,,,,,True,"{""applicable>APPLICABLE"": 20, ""out_of_scope>OUT_OF_SCOPE"": 20}"
B,B-logged,logged,40,strict,1,4,,40,,out_of_scope_or_aged,20,0,1,1,20,20,0,0,0,B,3,11,18,39,11,38,True,s_star,0.425,0.425,,20,20,20,20,,,,,,,,,True,"{""applicable>APPLICABLE"": 20, ""out_of_scope>OUT_OF_SCOPE"": 20}"
B,B-logged,logged,40,strict,1,5,,40,,out_of_scope_or_aged,20,0,1,1,20,20,0,0,0,B,7,11,11,38,10,39,True,s_star,0.5,0.5,,20,20,20,20,,,,,,,,,True,"{""applicable>APPLICABLE"": 20, ""out_of_scope>OUT_OF_SCOPE"": 20}"
B,B-logged,logged,40,strict,1,6,,40,,out_of_scope_or_aged,20,0,1,1,20,20,0,0,0,B,6,9,10,37,14,39,True,s_star,0.6,0.6,,20,20,20,20,,,,,,,,,True,"{""applicable>APPLICABLE"": 20, ""out_of_scope>OUT_OF_SCOPE"": 20}"
B,B-logged,logged,40,strict,1,7,,40,,out_of_scope_or_aged,20,0,1,1,20,20,0,0,0,B,9,9,10,39,13,38,True,s_star,0.625,0.625,,20,20,20,20,,,,,,,,,True,"{""applicable>APPLICABLE"": 20, ""out_of_scope>OUT_OF_SCOPE"": 20}"
B,B-logged,logged,40,strict,1,8,,40,,out_of_scope_or_aged,20,0,1,1,20,20,0,0,0,B,10,9,10,39,14,37,True,s_star,0.675,0.675,s_star,20,20,20,20,,,,,,,,,True,"{""applicable>APPLICABLE"": 20, ""out_of_scope>OUT_OF_SCOPE"": 20}"
B,B-logged,logged,40,strict,1,9,,40,,out_of_scope_or_aged,20,0,1,1,20,20,0,0,0,B,9,9,11,39,10,33,True,s_star,0.5,0.5,,20,20,20,20,,,,,,,,,True,"{""applicable>APPLICABLE"": 20, ""out_of_scope>OUT_OF_SCOPE"": 20}"
B,B-logged,logged,40,strict,1,10,,40,,out_of_scope_or_aged,20,0,1,1,20,20,0,0,0,B,9,8,11,37,10,39,True,s_star,0.575,0.575,s_star,20,20,20,20,,,,,,,,,True,"{""applicable>APPLICABLE"": 20, ""out_of_scope>OUT_OF_SCOPE"": 20}"
B,B-logged,logged,40,strict,1,11,,40,,out_of_scope_or_aged,20,0,1,1,20,20,0,0,0,B,7,11,13,39,10,36,True,s_star,0.55,0.55,,20,20,20,20,,,,,,,,,True,"{""applicable>APPLICABLE"": 20, ""out_of_scope>OUT_OF_SCOPE"": 20}"
B,B-logged,logged,40,strict,1,12,,40,,out_of_scope_or_aged,20,0,1,1,20,20,0,0,0,B,9,9,10,38,11,39,True,s_star,0.525,0.525,,20,20,20,20,,,,,,,,,True,"{""applicable>APPLICABLE"": 20, ""out_of_scope>OUT_OF_SCOPE"": 20}"
B,B-logged,logged,40,strict,1,13,,40,,out_of_scope_or_aged,20,0,1,1,20,20,0,0,0,B,7,12,10,38,11,36,True,s_star,0.45,0.45,,20,20,20,20,,,,,,,,,True,"{""applicable>APPLICABLE"": 20, ""out_of_scope>OUT_OF_SCOPE"": 20}"
B,B-logged,logged,40,strict,1,14,,40,,out_of_scope_or_aged,20,0,1,1,20,20,0,0,0,B,5,11,11,37,10,39,True,s_star,0.525,0.525,,20,20,20,20,,,,,,,,,True,"{""applicable>APPLICABLE"": 20, ""out_of_scope>OUT_OF_SCOPE"": 20}"
B,B-logged,logged,40,strict,1,15,,40,,out_of_scope_or_aged,20,0,1,1,20,20,0,0,0,B,10,7,14,39,10,34,True,s_star,0.625,0.625,s_star,20,20,20,20,,,,,,,,,True,"{""applicable>APPLICABLE"": 20, ""out_of_scope>OUT_OF_SCOPE"": 20}"
B,B-logged,logged,40,strict,1,16,,40,,out_of_scope_or_aged,20,0,1,1,20,20,0,0,0,B,6,8,10,34,11,39,True,s_star,0.55,0.55,,20,20,20,20,,,,,,,,,True,"{""applicable>APPLICABLE"": 20, ""out_of_scope>OUT_OF_SCOPE"": 20}"
B,B-logged,logged,40,strict,1,17,,40,,out_of_scope_or_aged,20,0,1,1,20,20,0,0,0,B,8,10,10,37,11,39,True,s_star,0.6,0.6,,20,20,20,20,,,,,,,,,True,"{""applicable>APPLICABLE"": 20, ""out_of_scope>OUT_OF_SCOPE"": 20}"
B,B-logged,logged,40,strict,1,18,,40,,out_of_scope_or_aged,20,0,1,1,20,20,0,0,0,B,5,10,10,38,11,39,True,s_star,0.575,0.575,,20,20,20,20,,,,,,,,,True,"{""applicable>APPLICABLE"": 20, ""out_of_scope>OUT_OF_SCOPE"": 20}"
B,B-logged,logged,40,strict,1,19,,40,,out_of_scope_or_aged,20,0,1,1,20,20,0,0,0,B,2,15,31,32,11,39,True,s_star,0.475,0.475,,20,20,20,20,,,,,,,,,True,"{""applicable>APPLICABLE"": 20, ""out_of_scope>OUT_OF_SCOPE"": 20}"
B,B-logged,logged,40,strict,1,20,,40,,out_of_scope_or_aged,20,0,1,1,20,20,0,0,0,B,11,9,11,39,10,38,True,s_star,0.725,0.725,s_star,20,20,20,20,,,,,,,,,True,"{""applicable>APPLICABLE"": 20, ""out_of_scope>OUT_OF_SCOPE"": 20}"
B,B-logged,logged,40,lenient,1,1,,40,,out_of_scope_or_aged,20,0,1,1,20,20,0,0,0,B,8,11,12,39,10,38,True,s_star,0.55,0.55,,20,20,20,20,,,,,,,,,True,"{""applicable>APPLICABLE"": 20, ""out_of_scope>OUT_OF_SCOPE"": 20}"
B,B-logged,logged,40,lenient,1,2,,40,,out_of_scope_or_aged,20,0,1,1,20,20,0,0,0,B,3,14,11,30,10,39,True,s_star,0.5,0.5,,20,20,20,20,,,,,,,,,True,"{""applicable>APPLICABLE"": 20, ""out_of_scope>OUT_OF_SCOPE"": 20}"
B,B-logged,logged,40,lenient,1,3,,40,,out_of_scope_or_aged,20,0,1,1,20,20,0,0,0,B,6,12,16,39,10,38,True,s_star,0.575,0.575,,20,20,20,20,,,,,,,,,True,"{""applicable>APPLICABLE"": 20, ""out_of_scope>OUT_OF_SCOPE"": 20}"
B,B-logged,logged,40,lenient,1,4,,40,,out_of_scope_or_aged,20,0,1,1,20,20,0,0,0,B,3,11,18,39,11,38,True,s_star,0.425,0.425,,20,20,20,20,,,,,,,,,True,"{""applicable>APPLICABLE"": 20, ""out_of_scope>OUT_OF_SCOPE"": 20}"
B,B-logged,logged,40,lenient,1,5,,40,,out_of_scope_or_aged,20,0,1,1,20,20,0,0,0,B,7,11,11,38,10,39,True,s_star,0.5,0.5,,20,20,20,20,,,,,,,,,True,"{""applicable>APPLICABLE"": 20, ""out_of_scope>OUT_OF_SCOPE"": 20}"
B,B-logged,logged,40,lenient,1,6,,40,,out_of_scope_or_aged,20,0,1,1,20,20,0,0,0,B,6,9,10,37,14,39,True,s_star,0.6,0.6,,20,20,20,20,,,,,,,,,True,"{""applicable>APPLICABLE"": 20, ""out_of_scope>OUT_OF_SCOPE"": 20}"
B,B-logged,logged,40,lenient,1,7,,40,,out_of_scope_or_aged,20,0,1,1,20,20,0,0,0,B,9,9,10,39,13,38,True,s_star,0.625,0.625,,20,20,20,20,,,,,,,,,True,"{""applicable>APPLICABLE"": 20, ""out_of_scope>OUT_OF_SCOPE"": 20}"
B,B-logged,logged,40,lenient,1,8,,40,,out_of_scope_or_aged,20,0,1,1,20,20,0,0,0,B,10,9,10,39,14,37,True,s_star,0.675,0.675,s_star,20,20,20,20,,,,,,,,,True,"{""applicable>APPLICABLE"": 20, ""out_of_scope>OUT_OF_SCOPE"": 20}"
B,B-logged,logged,40,lenient,1,9,,40,,out_of_scope_or_aged,20,0,1,1,20,20,0,0,0,B,9,9,11,39,10,33,True,s_star,0.5,0.5,,20,20,20,20,,,,,,,,,True,"{""applicable>APPLICABLE"": 20, ""out_of_scope>OUT_OF_SCOPE"": 20}"
B,B-logged,logged,40,lenient,1,10,,40,,out_of_scope_or_aged,20,0,1,1,20,20,0,0,0,B,9,8,11,37,10,39,True,s_star,0.575,0.575,s_star,20,20,20,20,,,,,,,,,True,"{""applicable>APPLICABLE"": 20, ""out_of_scope>OUT_OF_SCOPE"": 20}"
B,B-logged,logged,40,lenient,1,11,,40,,out_of_scope_or_aged,20,0,1,1,20,20,0,0,0,B,7,11,13,39,10,36,True,s_star,0.55,0.55,,20,20,20,20,,,,,,,,,True,"{""applicable>APPLICABLE"": 20, ""out_of_scope>OUT_OF_SCOPE"": 20}"
B,B-logged,logged,40,lenient,1,12,,40,,out_of_scope_or_aged,20,0,1,1,20,20,0,0,0,B,9,9,10,38,11,39,True,s_star,0.525,0.525,,20,20,20,20,,,,,,,,,True,"{""applicable>APPLICABLE"": 20, ""out_of_scope>OUT_OF_SCOPE"": 20}"
B,B-logged,logged,40,lenient,1,13,,40,,out_of_scope_or_aged,20,0,1,1,20,20,0,0,0,B,7,12,10,38,11,36,True,s_star,0.45,0.45,,20,20,20,20,,,,,,,,,True,"{""applicable>APPLICABLE"": 20, ""out_of_scope>OUT_OF_SCOPE"": 20}"
B,B-logged,logged,40,lenient,1,14,,40,,out_of_scope_or_aged,20,0,1,1,20,20,0,0,0,B,5,11,11,37,10,39,True,s_star,0.525,0.525,,20,20,20,20,,,,,,,,,True,"{""applicable>APPLICABLE"": 20, ""out_of_scope>OUT_OF_SCOPE"": 20}"
B,B-logged,logged,40,lenient,1,15,,40,,out_of_scope_or_aged,20,0,1,1,20,20,0,0,0,B,10,7,14,39,10,34,True,s_star,0.625,0.625,s_star,20,20,20,20,,,,,,,,,True,"{""applicable>APPLICABLE"": 20, ""out_of_scope>OUT_OF_SCOPE"": 20}"
B,B-logged,logged,40,lenient,1,16,,40,,out_of_scope_or_aged,20,0,1,1,20,20,0,0,0,B,6,8,10,34,11,39,True,s_star,0.55,0.55,,20,20,20,20,,,,,,,,,True,"{""applicable>APPLICABLE"": 20, ""out_of_scope>OUT_OF_SCOPE"": 20}"
B,B-logged,logged,40,lenient,1,17,,40,,out_of_scope_or_aged,20,0,1,1,20,20,0,0,0,B,8,10,10,37,11,39,True,s_star,0.6,0.6,,20,20,20,20,,,,,,,,,True,"{""applicable>APPLICABLE"": 20, ""out_of_scope>OUT_OF_SCOPE"": 20}"
B,B-logged,logged,40,lenient,1,18,,40,,out_of_scope_or_aged,20,0,1,1,20,20,0,0,0,B,5,10,10,38,11,39,True,s_star,0.575,0.575,,20,20,20,20,,,,,,,,,True,"{""applicable>APPLICABLE"": 20, ""out_of_scope>OUT_OF_SCOPE"": 20}"
B,B-logged,logged,40,lenient,1,19,,40,,out_of_scope_or_aged,20,0,1,1,20,20,0,0,0,B,2,15,31,32,11,39,True,s_star,0.475,0.475,,20,20,20,20,,,,,,,,,True,"{""applicable>APPLICABLE"": 20, ""out_of_scope>OUT_OF_SCOPE"": 20}"
B,B-logged,logged,40,lenient,1,20,,40,,out_of_scope_or_aged,20,0,1,1,20,20,0,0,0,B,11,9,11,39,10,38,True,s_star,0.725,0.725,s_star,20,20,20,20,,,,,,,,,True,"{""applicable>APPLICABLE"": 20, ""out_of_scope>OUT_OF_SCOPE"": 20}"
B,B-logged,logged,160,strict,1,1,,160,,out_of_scope_or_aged,40,0,1,1,40,80,40,0,0,B,14,23,126,158,120,159,True,s_star,0.5635549496235761,0.5635549496235761,,80,80,80,80,,,,,,,,,True,"{""applicable>AGED"": 40, ""applicable>APPLICABLE"": 40, ""out_of_scope>OUT_OF_SCOPE"": 80}"
B,B-logged,logged,160,strict,1,2,,160,,out_of_scope_or_aged,40,0,1,1,40,80,40,0,0,B,12,22,120,155,122,159,True,s_star,0.520107489573473,0.5201074895734731,,80,80,80,80,,,,,,,,,True,"{""applicable>AGED"": 40, ""applicable>APPLICABLE"": 40, ""out_of_scope>OUT_OF_SCOPE"": 80}"
B,B-logged,logged,160,strict,1,3,,160,,out_of_scope_or_aged,40,0,1,1,40,80,40,0,0,B,16,18,125,157,121,158,True,s_star,0.6042452931193572,0.6042452931193573,,80,80,80,80,,,,,,,,,True,"{""applicable>AGED"": 40, ""applicable>APPLICABLE"": 40, ""out_of_scope>OUT_OF_SCOPE"": 80}"
B,B-logged,logged,160,strict,1,4,,160,,out_of_scope_or_aged,40,0,1,1,40,80,40,0,0,B,8,25,123,158,120,159,True,s_star,0.5057842999237577,0.5057842999237578,,80,80,80,80,,,,,,,,,True,"{""applicable>AGED"": 40, ""applicable>APPLICABLE"": 40, ""out_of_scope>OUT_OF_SCOPE"": 80}"
B,B-logged,logged,160,strict,1,5,,160,,out_of_scope_or_aged,40,0,1,1,40,80,40,0,0,B,14,22,121,156,122,159,True,s_star,0.49524669873103644,0.4952466987310365,,80,80,80,80,,,,,,,,,True,"{""applicable>AGED"": 40, ""applicable>APPLICABLE"": 40, ""out_of_scope>OUT_OF_SCOPE"": 80}"
B,B-logged,logged,160,strict,1,6,,160,,out_of_scope_or_aged,40,0,1,1,40,80,40,0,0,B,15,19,122,157,120,159,True,s_star,0.49548793631495763,0.4954879363149577,,80,80,80,80,,,,,,,,,True,"{""applicable>AGED"": 40, ""applicable>APPLICABLE"": 40, ""out_of_scope>OUT_OF_SCOPE"": 80}"
B,B-logged,logged,160,strict,1,7,,160,,out_of_scope_or_aged,40,0,1,1,40,80,40,0,0,B,12,20,120,159,121,157,True,s_star,0.5233181136793644,0.5233181136793644,,80,80,80,80,,,,,,,,,True,"{""applicable>AGED"": 40, ""applicable>APPLICABLE"": 40, ""out_of_scope>OUT_OF_SCOPE"": 80}"
B,B-logged,logged,160,strict,1,8,,160,,out_of_scope_or_aged,40,0,1,1,40,80,40,0,0,B,13,21,123,158,120,159,True,s_star,0.5696987059284176,0.5696987059284178,,80,80,80,80,,,,,,,,,True,"{""applicable>AGED"": 40, ""applicable>APPLICABLE"": 40, ""out_of_scope>OUT_OF_SCOPE"": 80}"
B,B-logged,logged,160,strict,1,9,,160,,out_of_scope_or_aged,40,0,1,1,40,80,40,0,0,B,13,24,128,158,120,159,True,s_star,0.5399920521464067,0.5399920521464068,,80,80,80,80,,,,,,,,,True,"{""applicable>AGED"": 40, ""applicable>APPLICABLE"": 40, ""out_of_scope>OUT_OF_SCOPE"": 80}"
B,B-logged,logged,160,strict,1,10,,160,,out_of_scope_or_aged,40,0,1,1,40,80,40,0,0,B,12,17,126,159,120,158,True,s_star,0.5375330926308304,0.5375330926308305,,80,80,80,80,,,,,,,,,True,"{""applicable>AGED"": 40, ""applicable>APPLICABLE"": 40, ""out_of_scope>OUT_OF_SCOPE"": 80}"
B,B-logged,logged,160,strict,1,11,,160,,out_of_scope_or_aged,40,0,1,1,40,80,40,0,0,B,15,22,120,156,122,159,True,s_star,0.6190494336538013,0.6190494336538014,s_star,80,80,80,80,,,,,,,,,True,"{""applicable>AGED"": 40, ""applicable>APPLICABLE"": 40, ""out_of_scope>OUT_OF_SCOPE"": 80}"
B,B-logged,logged,160,strict,1,12,,160,,out_of_scope_or_aged,40,0,1,1,40,80,40,0,0,B,19,15,120,159,128,156,True,s_star,0.5978286585296702,0.5978286585296704,,80,80,80,80,,,,,,,,,True,"{""applicable>AGED"": 40, ""applicable>APPLICABLE"": 40, ""out_of_scope>OUT_OF_SCOPE"": 80}"
B,B-logged,logged,160,strict,1,13,,160,,out_of_scope_or_aged,40,0,1,1,40,80,40,0,0,B,18,16,121,157,120,159,True,s_star,0.5684021412049011,0.5684021412049012,,80,80,80,80,,,,,,,,,True,"{""applicable>AGED"": 40, ""applicable>APPLICABLE"": 40, ""out_of_scope>OUT_OF_SCOPE"": 80}"
B,B-logged,logged,160,strict,1,14,,160,,out_of_scope_or_aged,40,0,1,1,40,80,40,0,0,B,18,16,122,157,120,155,True,s_star,0.6158107273999573,0.6158107273999575,,80,80,80,80,,,,,,,,,True,"{""applicable>AGED"": 40, ""applicable>APPLICABLE"": 40, ""out_of_scope>OUT_OF_SCOPE"": 80}"
B,B-logged,logged,160,strict,1,15,,160,,out_of_scope_or_aged,40,0,1,1,40,80,40,0,0,B,11,23,122,159,120,158,True,s_star,0.5322488928825175,0.5322488928825176,,80,80,80,80,,,,,,,,,True,"{""applicable>AGED"": 40, ""applicable>APPLICABLE"": 40, ""out_of_scope>OUT_OF_SCOPE"": 80}"
B,B-logged,logged,160,strict,1,16,,160,,out_of_scope_or_aged,40,0,1,1,40,80,40,0,0,B,11,22,121,157,122,159,True,s_star,0.5361237677660753,0.5361237677660754,,80,80,80,80,,,,,,,,,True,"{""applicable>AGED"": 40, ""applicable>APPLICABLE"": 40, ""out_of_scope>OUT_OF_SCOPE"": 80}"
B,B-logged,logged,160,strict,1,17,,160,,out_of_scope_or_aged,40,0,1,1,40,80,40,0,0,B,11,23,121,158,120,159,True,s_star,0.53944992946758,0.53944992946758,,80,80,80,80,,,,,,,,,True,"{""applicable>AGED"": 40, ""applicable>APPLICABLE"": 40, ""out_of_scope>OUT_OF_SCOPE"": 80}"
B,B-logged,logged,160,strict,1,18,,160,,out_of_scope_or_aged,40,0,1,1,40,80,40,0,0,B,19,15,125,158,120,159,True,s_star,0.5912135278511479,0.5912135278511479,,80,80,80,80,,,,,,,,,True,"{""applicable>AGED"": 40, ""applicable>APPLICABLE"": 40, ""out_of_scope>OUT_OF_SCOPE"": 80}"
B,B-logged,logged,160,strict,1,19,,160,,out_of_scope_or_aged,40,0,1,1,40,80,40,0,0,B,17,18,125,159,120,158,True,s_star,0.5643496042579197,0.5643496042579198,,80,80,80,80,,,,,,,,,True,"{""applicable>AGED"": 40, ""applicable>APPLICABLE"": 40, ""out_of_scope>OUT_OF_SCOPE"": 80}"
B,B-logged,logged,160,strict,1,20,,160,,out_of_scope_or_aged,40,0,1,1,40,80,40,0,0,B,16,15,120,156,121,158,True,s_star,0.5839317596934656,0.5839317596934657,,80,80,80,80,,,,,,,,,True,"{""applicable>AGED"": 40, ""applicable>APPLICABLE"": 40, ""out_of_scope>OUT_OF_SCOPE"": 80}"
B,B-logged,logged,160,lenient,1,1,,160,,out_of_scope_or_aged,80,0,1,1,80,80,0,0,0,B,25,44,43,158,40,159,True,s_star,0.5635549496235761,0.5635549496235761,,80,80,80,80,,,,,,,,,True,"{""applicable>APPLICABLE"": 80, ""out_of_scope>OUT_OF_SCOPE"": 80}"
B,B-logged,logged,160,lenient,1,2,,160,,out_of_scope_or_aged,80,0,1,1,80,80,0,0,0,B,23,46,45,155,41,159,True,s_star,0.520107489573473,0.5201074895734731,,80,80,80,80,,,,,,,,,True,"{""applicable>APPLICABLE"": 80, ""out_of_scope>OUT_OF_SCOPE"": 80}"
B,B-logged,logged,160,lenient,1,3,,160,,out_of_scope_or_aged,80,0,1,1,80,80,0,0,0,B,28,39,47,157,40,158,True,s_star,0.6042452931193572,0.6042452931193573,,80,80,80,80,,,,,,,,,True,"{""applicable>APPLICABLE"": 80, ""out_of_scope>OUT_OF_SCOPE"": 80}"
B,B-logged,logged,160,lenient,1,4,,160,,out_of_scope_or_aged,80,0,1,1,80,80,0,0,0,B,20,45,42,158,40,159,True,s_star,0.5057842999237577,0.5057842999237578,,80,80,80,80,,,,,,,,,True,"{""applicable>APPLICABLE"": 80, ""out_of_scope>OUT_OF_SCOPE"": 80}"
B,B-logged,logged,160,lenient,1,5,,160,,out_of_scope_or_aged,80,0,1,1,80,80,0,0,0,B,24,47,42,156,40,159,True,s_star,0.49524669873103644,0.4952466987310365,,80,80,80,80,,,,,,,,,True,"{""applicable>APPLICABLE"": 80, ""out_of_scope>OUT_OF_SCOPE"": 80}"
B,B-logged,logged,160,lenient,1,6,,160,,out_of_scope_or_aged,80,0,1,1,80,80,0,0,0,B,27,39,40,157,44,159,True,s_star,0.49548793631495763,0.4954879363149577,,80,80,80,80,,,,,,,,,True,"{""applicable>APPLICABLE"": 80, ""out_of_scope>OUT_OF_SCOPE"": 80}"
B,B-logged,logged,160,lenient,1,7,,160,,out_of_scope_or_aged,80,0,1,1,80,80,0,0,0,B,24,41,40,159,42,157,True,s_star,0.5233181136793644,0.5233181136793644,,80,80,80,80,,,,,,,,,True,"{""applicable>APPLICABLE"": 80, ""out_of_scope>OUT_OF_SCOPE"": 80}"
B,B-logged,logged,160,lenient,1,8,,160,,out_of_scope_or_aged,80,0,1,1,80,80,0,0,0,B,29,41,43,158,41,159,True,s_star,0.5696987059284176,0.5696987059284178,,80,80,80,80,,,,,,,,,True,"{""applicable>APPLICABLE"": 80, ""out_of_scope>OUT_OF_SCOPE"": 80}"
B,B-logged,logged,160,lenient,1,9,,160,,out_of_scope_or_aged,80,0,1,1,80,80,0,0,0,B,26,49,43,158,40,159,True,s_star,0.5399920521464067,0.5399920521464068,,80,80,80,80,,,,,,,,,True,"{""applicable>APPLICABLE"": 80, ""out_of_scope>OUT_OF_SCOPE"": 80}"
B,B-logged,logged,160,lenient,1,10,,160,,out_of_scope_or_aged,80,0,1,1,80,80,0,0,0,B,23,43,42,159,40,158,True,s_star,0.5375330926308304,0.5375330926308305,,80,80,80,80,,,,,,,,,True,"{""applicable>APPLICABLE"": 80, ""out_of_scope>OUT_OF_SCOPE"": 80}"
B,B-logged,logged,160,lenient,1,11,,160,,out_of_scope_or_aged,80,0,1,1,80,80,0,0,0,B,38,35,40,156,43,159,True,s_star,0.6190494336538013,0.6190494336538014,s_star,80,80,80,80,,,,,,,,,True,"{""applicable>APPLICABLE"": 80, ""out_of_scope>OUT_OF_SCOPE"": 80}"
B,B-logged,logged,160,lenient,1,12,,160,,out_of_scope_or_aged,80,0,1,1,80,80,0,0,0,B,30,34,41,159,40,156,True,s_star,0.5978286585296702,0.5978286585296704,,80,80,80,80,,,,,,,,,True,"{""applicable>APPLICABLE"": 80, ""out_of_scope>OUT_OF_SCOPE"": 80}"
B,B-logged,logged,160,lenient,1,13,,160,,out_of_scope_or_aged,80,0,1,1,80,80,0,0,0,B,29,39,44,157,40,159,True,s_star,0.5684021412049011,0.5684021412049012,,80,80,80,80,,,,,,,,,True,"{""applicable>APPLICABLE"": 80, ""out_of_scope>OUT_OF_SCOPE"": 80}"
B,B-logged,logged,160,lenient,1,14,,160,,out_of_scope_or_aged,80,0,1,1,80,80,0,0,0,B,33,34,40,157,43,155,True,s_star,0.6158107273999573,0.6158107273999575,,80,80,80,80,,,,,,,,,True,"{""applicable>APPLICABLE"": 80, ""out_of_scope>OUT_OF_SCOPE"": 80}"
B,B-logged,logged,160,lenient,1,15,,160,,out_of_scope_or_aged,80,0,1,1,80,80,0,0,0,B,25,41,43,159,40,158,True,s_star,0.5322488928825175,0.5322488928825176,,80,80,80,80,,,,,,,,,True,"{""applicable>APPLICABLE"": 80, ""out_of_scope>OUT_OF_SCOPE"": 80}"
B,B-logged,logged,160,lenient,1,16,,160,,out_of_scope_or_aged,80,0,1,1,80,80,0,0,0,B,25,43,41,157,40,159,True,s_star,0.5361237677660753,0.5361237677660754,,80,80,80,80,,,,,,,,,True,"{""applicable>APPLICABLE"": 80, ""out_of_scope>OUT_OF_SCOPE"": 80}"
B,B-logged,logged,160,lenient,1,17,,160,,out_of_scope_or_aged,80,0,1,1,80,80,0,0,0,B,27,46,42,158,40,159,True,s_star,0.53944992946758,0.53944992946758,,80,80,80,80,,,,,,,,,True,"{""applicable>APPLICABLE"": 80, ""out_of_scope>OUT_OF_SCOPE"": 80}"
B,B-logged,logged,160,lenient,1,18,,160,,out_of_scope_or_aged,80,0,1,1,80,80,0,0,0,B,34,36,40,158,43,159,True,s_star,0.5912135278511479,0.5912135278511479,,80,80,80,80,,,,,,,,,True,"{""applicable>APPLICABLE"": 80, ""out_of_scope>OUT_OF_SCOPE"": 80}"
B,B-logged,logged,160,lenient,1,19,,160,,out_of_scope_or_aged,80,0,1,1,80,80,0,0,0,B,31,40,40,159,41,158,True,s_star,0.5643496042579197,0.5643496042579198,,80,80,80,80,,,,,,,,,True,"{""applicable>APPLICABLE"": 80, ""out_of_scope>OUT_OF_SCOPE"": 80}"
B,B-logged,logged,160,lenient,1,20,,160,,out_of_scope_or_aged,80,0,1,1,80,80,0,0,0,B,31,35,41,156,40,158,True,s_star,0.5839317596934656,0.5839317596934657,,80,80,80,80,,,,,,,,,True,"{""applicable>APPLICABLE"": 80, ""out_of_scope>OUT_OF_SCOPE"": 80}"
B,B-unlogged,unlogged,40,strict,1,1,,40,,out_of_scope_or_aged,40,0,1,1,40,0,0,0,0,B,22,12,0,39,6,38,True,s_star,0.55,0.55,s_star,40,0,0,0,,,,,,,,,True,{}
B,B-unlogged,unlogged,40,strict,1,2,,40,,out_of_scope_or_aged,40,0,1,1,40,0,0,0,0,B,20,15,0,30,2,39,True,s_star,0.5,0.5,s_star,40,0,0,0,,,,,,,,,True,{}
B,B-unlogged,unlogged,40,strict,1,3,,40,,out_of_scope_or_aged,40,0,1,1,40,0,0,0,0,B,23,13,0,39,2,38,True,s_star,0.575,0.575,s_star,40,0,0,0,,,,,,,,,True,{}
B,B-unlogged,unlogged,40,strict,1,4,,40,,out_of_scope_or_aged,40,0,1,1,40,0,0,0,0,B,17,12,1,39,6,38,True,s_star,0.425,0.425,s_star,40,0,0,0,,,,,,,,,True,{}
B,B-unlogged,unlogged,40,strict,1,5,,40,,out_of_scope_or_aged,40,0,1,1,40,0,0,0,0,B,20,13,2,38,0,39,True,s_star,0.5,0.5,s_star,40,0,0,0,,,,,,,,,True,{}
B,B-unlogged,unlogged,40,strict,1,6,,40,,out_of_scope_or_aged,40,0,1,1,40,0,0,0,0,B,24,9,0,37,14,39,True,s_star,0.6,0.6,s_star,40,0,0,0,,,,,,,,,True,{}
B,B-unlogged,unlogged,40,strict,1,7,,40,,out_of_scope_or_aged,40,0,1,1,40,0,0,0,0,B,25,10,0,39,7,38,True,s_star,0.625,0.625,s_star,40,0,0,0,,,,,,,,,True,{}
B,B-unlogged,unlogged,40,strict,1,8,,40,,out_of_scope_or_aged,40,0,1,1,40,0,0,0,0,B,27,9,0,39,14,37,True,s_star,0.675,0.675,s_star,40,0,0,0,,,,,,,,,True,{}
B,B-unlogged,unlogged,40,strict,1,9,,40,,out_of_scope_or_aged,40,0,1,1,40,0,0,0,0,B,20,9,1,39,10,33,True,s_star,0.5,0.5,s_star,40,0,0,0,,,,,,,,,True,{}
B,B-unlogged,unlogged,40,strict,1,10,,40,,out_of_scope_or_aged,40,0,1,1,40,0,0,0,0,B,23,10,1,37,2,39,True,s_star,0.575,0.575,s_star,40,0,0,0,,,,,,,,,True,{}
B,B-unlogged,unlogged,40,strict,1,11,,40,,out_of_scope_or_aged,40,0,1,1,40,0,0,0,0,B,22,12,0,39,10,36,True,s_star,0.55,0.55,s_star,40,0,0,0,,,,,,,,,True,{}
B,B-unlogged,unlogged,40,strict,1,12,,40,,out_of_scope_or_aged,40,0,1,1,40,0,0,0,0,B,21,9,0,38,11,39,True,s_star,0.525,0.525,s_star,40,0,0,0,,,,,,,,,True,{}
B,B-unlogged,unlogged,40,strict,1,13,,40,,out_of_scope_or_aged,40,0,1,1,40,0,0,0,0,B,18,13,3,38,2,36,True,s_star,0.45,0.45,s_star,40,0,0,0,,,,,,,,,True,{}
B,B-unlogged,unlogged,40,strict,1,14,,40,,out_of_scope_or_aged,40,0,1,1,40,0,0,0,0,B,21,12,1,37,0,39,True,s_star,0.525,0.525,s_star,40,0,0,0,,,,,,,,,True,{}
B,B-unlogged,unlogged,40,strict,1,15,,40,,out_of_scope_or_aged,40,0,1,1,40,0,0,0,0,B,25,9,0,39,1,34,True,s_star,0.625,0.625,s_star,40,0,0,0,,,,,,,,,True,{}
B,B-unlogged,unlogged,40,strict,1,16,,40,,out_of_scope_or_aged,40,0,1,1,40,0,0,0,0,B,22,9,0,34,9,39,True,s_star,0.55,0.55,s_star,40,0,0,0,,,,,,,,,True,{}
B,B-unlogged,unlogged,40,strict,1,17,,40,,out_of_scope_or_aged,40,0,1,1,40,0,0,0,0,B,24,12,1,37,0,39,True,s_star,0.6,0.6,s_star,40,0,0,0,,,,,,,,,True,{}
B,B-unlogged,unlogged,40,strict,1,18,,40,,out_of_scope_or_aged,40,0,1,1,40,0,0,0,0,B,23,10,0,38,11,39,True,s_star,0.575,0.575,s_star,40,0,0,0,,,,,,,,,True,{}
B,B-unlogged,unlogged,40,strict,1,19,,40,,out_of_scope_or_aged,40,0,1,1,40,0,0,0,0,B,19,15,0,32,11,39,True,s_star,0.475,0.475,s_star,40,0,0,0,,,,,,,,,True,{}
B,B-unlogged,unlogged,40,strict,1,20,,40,,out_of_scope_or_aged,40,0,1,1,40,0,0,0,0,B,29,9,0,39,10,38,True,s_star,0.725,0.725,s_star,40,0,0,0,,,,,,,,,True,{}
B,B-unlogged,unlogged,40,lenient,1,1,,40,,out_of_scope_or_aged,40,0,1,1,40,0,0,0,0,B,22,12,0,39,6,38,True,s_star,0.55,0.55,s_star,40,0,0,0,,,,,,,,,True,{}
B,B-unlogged,unlogged,40,lenient,1,2,,40,,out_of_scope_or_aged,40,0,1,1,40,0,0,0,0,B,20,15,0,30,2,39,True,s_star,0.5,0.5,s_star,40,0,0,0,,,,,,,,,True,{}
B,B-unlogged,unlogged,40,lenient,1,3,,40,,out_of_scope_or_aged,40,0,1,1,40,0,0,0,0,B,23,13,0,39,2,38,True,s_star,0.575,0.575,s_star,40,0,0,0,,,,,,,,,True,{}
B,B-unlogged,unlogged,40,lenient,1,4,,40,,out_of_scope_or_aged,40,0,1,1,40,0,0,0,0,B,17,12,1,39,6,38,True,s_star,0.425,0.425,s_star,40,0,0,0,,,,,,,,,True,{}
B,B-unlogged,unlogged,40,lenient,1,5,,40,,out_of_scope_or_aged,40,0,1,1,40,0,0,0,0,B,20,13,2,38,0,39,True,s_star,0.5,0.5,s_star,40,0,0,0,,,,,,,,,True,{}
B,B-unlogged,unlogged,40,lenient,1,6,,40,,out_of_scope_or_aged,40,0,1,1,40,0,0,0,0,B,24,9,0,37,14,39,True,s_star,0.6,0.6,s_star,40,0,0,0,,,,,,,,,True,{}
B,B-unlogged,unlogged,40,lenient,1,7,,40,,out_of_scope_or_aged,40,0,1,1,40,0,0,0,0,B,25,10,0,39,7,38,True,s_star,0.625,0.625,s_star,40,0,0,0,,,,,,,,,True,{}
B,B-unlogged,unlogged,40,lenient,1,8,,40,,out_of_scope_or_aged,40,0,1,1,40,0,0,0,0,B,27,9,0,39,14,37,True,s_star,0.675,0.675,s_star,40,0,0,0,,,,,,,,,True,{}
B,B-unlogged,unlogged,40,lenient,1,9,,40,,out_of_scope_or_aged,40,0,1,1,40,0,0,0,0,B,20,9,1,39,10,33,True,s_star,0.5,0.5,s_star,40,0,0,0,,,,,,,,,True,{}
B,B-unlogged,unlogged,40,lenient,1,10,,40,,out_of_scope_or_aged,40,0,1,1,40,0,0,0,0,B,23,10,1,37,2,39,True,s_star,0.575,0.575,s_star,40,0,0,0,,,,,,,,,True,{}
B,B-unlogged,unlogged,40,lenient,1,11,,40,,out_of_scope_or_aged,40,0,1,1,40,0,0,0,0,B,22,12,0,39,10,36,True,s_star,0.55,0.55,s_star,40,0,0,0,,,,,,,,,True,{}
B,B-unlogged,unlogged,40,lenient,1,12,,40,,out_of_scope_or_aged,40,0,1,1,40,0,0,0,0,B,21,9,0,38,11,39,True,s_star,0.525,0.525,s_star,40,0,0,0,,,,,,,,,True,{}
B,B-unlogged,unlogged,40,lenient,1,13,,40,,out_of_scope_or_aged,40,0,1,1,40,0,0,0,0,B,18,13,3,38,2,36,True,s_star,0.45,0.45,s_star,40,0,0,0,,,,,,,,,True,{}
B,B-unlogged,unlogged,40,lenient,1,14,,40,,out_of_scope_or_aged,40,0,1,1,40,0,0,0,0,B,21,12,1,37,0,39,True,s_star,0.525,0.525,s_star,40,0,0,0,,,,,,,,,True,{}
B,B-unlogged,unlogged,40,lenient,1,15,,40,,out_of_scope_or_aged,40,0,1,1,40,0,0,0,0,B,25,9,0,39,1,34,True,s_star,0.625,0.625,s_star,40,0,0,0,,,,,,,,,True,{}
B,B-unlogged,unlogged,40,lenient,1,16,,40,,out_of_scope_or_aged,40,0,1,1,40,0,0,0,0,B,22,9,0,34,9,39,True,s_star,0.55,0.55,s_star,40,0,0,0,,,,,,,,,True,{}
B,B-unlogged,unlogged,40,lenient,1,17,,40,,out_of_scope_or_aged,40,0,1,1,40,0,0,0,0,B,24,12,1,37,0,39,True,s_star,0.6,0.6,s_star,40,0,0,0,,,,,,,,,True,{}
B,B-unlogged,unlogged,40,lenient,1,18,,40,,out_of_scope_or_aged,40,0,1,1,40,0,0,0,0,B,23,10,0,38,11,39,True,s_star,0.575,0.575,s_star,40,0,0,0,,,,,,,,,True,{}
B,B-unlogged,unlogged,40,lenient,1,19,,40,,out_of_scope_or_aged,40,0,1,1,40,0,0,0,0,B,19,15,0,32,11,39,True,s_star,0.475,0.475,s_star,40,0,0,0,,,,,,,,,True,{}
B,B-unlogged,unlogged,40,lenient,1,20,,40,,out_of_scope_or_aged,40,0,1,1,40,0,0,0,0,B,29,9,0,39,10,38,True,s_star,0.725,0.725,s_star,40,0,0,0,,,,,,,,,True,{}
B,B-unlogged,unlogged,160,strict,1,1,,160,,B_blocking,40,40,1,1,40,0,120,0,0,B,14,23,126,158,120,159,True,s_star,0.5635549496235761,0.5635549496235761,s_star,160,0,0,0,,,,,,,,,True,{}
B,B-unlogged,unlogged,160,strict,1,2,,160,,B_blocking,40,40,1,1,40,0,120,0,0,B,12,22,120,155,122,159,True,s_star,0.520107489573473,0.5201074895734731,s_star,160,0,0,0,,,,,,,,,True,{}
B,B-unlogged,unlogged,160,strict,1,3,,160,,B_blocking,40,40,1,1,40,0,120,0,0,B,16,18,125,157,121,158,True,s_star,0.6042452931193572,0.6042452931193573,s_star,160,0,0,0,,,,,,,,,True,{}
B,B-unlogged,unlogged,160,strict,1,4,,160,,B_blocking,40,40,1,1,40,0,120,0,0,B,8,25,123,158,120,159,True,s_star,0.5057842999237577,0.5057842999237578,s_star,160,0,0,0,,,,,,,,,True,{}
B,B-unlogged,unlogged,160,strict,1,5,,160,,B_blocking,40,40,1,1,40,0,120,0,0,B,14,22,121,156,122,159,True,s_star,0.49524669873103644,0.4952466987310365,s_star,160,0,0,0,,,,,,,,,True,{}
B,B-unlogged,unlogged,160,strict,1,6,,160,,B_blocking,40,40,1,1,40,0,120,0,0,B,15,19,122,157,120,159,True,s_star,0.49548793631495763,0.4954879363149577,s_star,160,0,0,0,,,,,,,,,True,{}
B,B-unlogged,unlogged,160,strict,1,7,,160,,B_blocking,40,40,1,1,40,0,120,0,0,B,12,20,120,159,121,157,True,s_star,0.5233181136793644,0.5233181136793644,s_star,160,0,0,0,,,,,,,,,True,{}
B,B-unlogged,unlogged,160,strict,1,8,,160,,B_blocking,40,40,1,1,40,0,120,0,0,B,13,21,123,158,120,159,True,s_star,0.5696987059284176,0.5696987059284178,s_star,160,0,0,0,,,,,,,,,True,{}
B,B-unlogged,unlogged,160,strict,1,9,,160,,B_blocking,40,40,1,1,40,0,120,0,0,B,13,24,128,158,120,159,True,s_star,0.5399920521464067,0.5399920521464068,s_star,160,0,0,0,,,,,,,,,True,{}
B,B-unlogged,unlogged,160,strict,1,10,,160,,B_blocking,40,40,1,1,40,0,120,0,0,B,12,17,126,159,120,158,True,s_star,0.5375330926308304,0.5375330926308305,s_star,160,0,0,0,,,,,,,,,True,{}
B,B-unlogged,unlogged,160,strict,1,11,,160,,B_blocking,40,40,1,1,40,0,120,0,0,B,15,22,120,156,122,159,True,s_star,0.6190494336538013,0.6190494336538014,s_star,160,0,0,0,,,,,,,,,True,{}
B,B-unlogged,unlogged,160,strict,1,12,,160,,B_blocking,40,40,1,1,40,0,120,0,0,B,19,15,120,159,128,156,True,s_star,0.5978286585296702,0.5978286585296704,s_star,160,0,0,0,,,,,,,,,True,{}
B,B-unlogged,unlogged,160,strict,1,13,,160,,B_blocking,40,40,1,1,40,0,120,0,0,B,18,16,121,157,120,159,True,s_star,0.5684021412049011,0.5684021412049012,s_star,160,0,0,0,,,,,,,,,True,{}
B,B-unlogged,unlogged,160,strict,1,14,,160,,B_blocking,40,40,1,1,40,0,120,0,0,B,18,16,122,157,120,155,True,s_star,0.6158107273999573,0.6158107273999575,s_star,160,0,0,0,,,,,,,,,True,{}
B,B-unlogged,unlogged,160,strict,1,15,,160,,B_blocking,40,40,1,1,40,0,120,0,0,B,11,23,122,159,120,158,True,s_star,0.5322488928825175,0.5322488928825176,s_star,160,0,0,0,,,,,,,,,True,{}
B,B-unlogged,unlogged,160,strict,1,16,,160,,B_blocking,40,40,1,1,40,0,120,0,0,B,11,22,121,157,122,159,True,s_star,0.5361237677660753,0.5361237677660754,s_star,160,0,0,0,,,,,,,,,True,{}
B,B-unlogged,unlogged,160,strict,1,17,,160,,B_blocking,40,40,1,1,40,0,120,0,0,B,11,23,121,158,120,159,True,s_star,0.53944992946758,0.53944992946758,s_star,160,0,0,0,,,,,,,,,True,{}
B,B-unlogged,unlogged,160,strict,1,18,,160,,B_blocking,40,40,1,1,40,0,120,0,0,B,19,15,125,158,120,159,True,s_star,0.5912135278511479,0.5912135278511479,s_star,160,0,0,0,,,,,,,,,True,{}
B,B-unlogged,unlogged,160,strict,1,19,,160,,B_blocking,40,40,1,1,40,0,120,0,0,B,17,18,125,159,120,158,True,s_star,0.5643496042579197,0.5643496042579198,s_star,160,0,0,0,,,,,,,,,True,{}
B,B-unlogged,unlogged,160,strict,1,20,,160,,B_blocking,40,40,1,1,40,0,120,0,0,B,16,15,120,156,121,158,True,s_star,0.5839317596934656,0.5839317596934657,s_star,160,0,0,0,,,,,,,,,True,{}
B,B-unlogged,unlogged,160,lenient,1,1,,160,,B_blocking,120,40,1,1,120,0,40,0,0,B,60,47,43,158,40,159,True,s_star,0.5635549496235761,0.5635549496235761,s_star,160,0,0,0,,,,,,,,,True,{}
B,B-unlogged,unlogged,160,lenient,1,2,,160,,B_blocking,120,40,1,1,120,0,40,0,0,B,55,47,45,155,41,159,True,s_star,0.520107489573473,0.5201074895734731,s_star,160,0,0,0,,,,,,,,,True,{}
B,B-unlogged,unlogged,160,lenient,1,3,,160,,B_blocking,120,40,1,1,120,0,40,0,0,B,64,40,47,157,40,158,True,s_star,0.6042452931193572,0.6042452931193573,s_star,160,0,0,0,,,,,,,,,True,{}
B,B-unlogged,unlogged,160,lenient,1,4,,160,,B_blocking,120,40,1,1,120,0,40,0,0,B,55,47,42,158,40,159,True,s_star,0.5057842999237577,0.5057842999237578,s_star,160,0,0,0,,,,,,,,,True,{}
B,B-unlogged,unlogged,160,lenient,1,5,,160,,B_blocking,120,40,1,1,120,0,40,0,0,B,53,50,42,156,40,159,True,s_star,0.49524669873103644,0.4952466987310365,s_star,160,0,0,0,,,,,,,,,True,{}
B,B-unlogged,unlogged,160,lenient,1,6,,160,,B_blocking,120,40,1,1,120,0,40,0,0,B,53,43,40,157,44,159,True,s_star,0.49548793631495763,0.4954879363149577,s_star,160,0,0,0,,,,,,,,,True,{}
B,B-unlogged,unlogged,160,lenient,1,7,,160,,B_blocking,120,40,1,1,120,0,40,0,0,B,55,43,40,159,42,157,True,s_star,0.5233181136793644,0.5233181136793644,s_star,160,0,0,0,,,,,,,,,True,{}
B,B-unlogged,unlogged,160,lenient,1,8,,160,,B_blocking,120,40,1,1,120,0,40,0,0,B,61,44,43,158,41,159,True,s_star,0.5696987059284176,0.5696987059284178,s_star,160,0,0,0,,,,,,,,,True,{}
B,B-unlogged,unlogged,160,lenient,1,9,,160,,B_blocking,120,40,1,1,120,0,40,0,0,B,60,51,43,158,40,159,True,s_star,0.5399920521464067,0.5399920521464068,s_star,160,0,0,0,,,,,,,,,True,{}
B,B-unlogged,unlogged,160,lenient,1,10,,160,,B_blocking,120,40,1,1,120,0,40,0,0,B,58,46,42,159,40,158,True,s_star,0.5375330926308304,0.5375330926308305,s_star,160,0,0,0,,,,,,,,,True,{}
B,B-unlogged,unlogged,160,lenient,1,11,,160,,B_blocking,120,40,1,1,120,0,40,0,0,B,71,36,40,156,43,159,True,s_star,0.6190494336538013,0.6190494336538014,s_star,160,0,0,0,,,,,,,,,True,{}
B,B-unlogged,unlogged,160,lenient,1,12,,160,,B_blocking,120,40,1,1,120,0,40,0,0,B,65,34,41,159,40,156,True,s_star,0.5978286585296702,0.5978286585296704,s_star,160,0,0,0,,,,,,,,,True,{}
B,B-unlogged,unlogged,160,lenient,1,13,,160,,B_blocking,120,40,1,1,120,0,40,0,0,B,62,41,44,157,40,159,True,s_star,0.5684021412049011,0.5684021412049012,s_star,160,0,0,0,,,,,,,,,True,{}
B,B-unlogged,unlogged,160,lenient,1,14,,160,,B_blocking,120,40,1,1,120,0,40,0,0,B,69,35,40,157,43,155,True,s_star,0.6158107273999573,0.6158107273999575,s_star,160,0,0,0,,,,,,,,,True,{}
B,B-unlogged,unlogged,160,lenient,1,15,,160,,B_blocking,120,40,1,1,120,0,40,0,0,B,57,43,43,159,40,158,True,s_star,0.5322488928825175,0.5322488928825176,s_star,160,0,0,0,,,,,,,,,True,{}
B,B-unlogged,unlogged,160,lenient,1,16,,160,,B_blocking,120,40,1,1,120,0,40,0,0,B,59,45,41,157,40,159,True,s_star,0.5361237677660753,0.5361237677660754,s_star,160,0,0,0,,,,,,,,,True,{}
B,B-unlogged,unlogged,160,lenient,1,17,,160,,B_blocking,120,40,1,1,120,0,40,0,0,B,59,48,42,158,40,159,True,s_star,0.53944992946758,0.53944992946758,s_star,160,0,0,0,,,,,,,,,True,{}
B,B-unlogged,unlogged,160,lenient,1,18,,160,,B_blocking,120,40,1,1,120,0,40,0,0,B,66,38,40,158,43,159,True,s_star,0.5912135278511479,0.5912135278511479,s_star,160,0,0,0,,,,,,,,,True,{}
B,B-unlogged,unlogged,160,lenient,1,19,,160,,B_blocking,120,40,1,1,120,0,40,0,0,B,62,42,40,159,41,158,True,s_star,0.5643496042579197,0.5643496042579198,s_star,160,0,0,0,,,,,,,,,True,{}
B,B-unlogged,unlogged,160,lenient,1,20,,160,,B_blocking,120,40,1,1,120,0,40,0,0,B,63,38,41,156,40,158,True,s_star,0.5839317596934656,0.5839317596934657,s_star,160,0,0,0,,,,,,,,,True,{}
C,C-logged,logged,40,strict,1,1,,40,,out_of_scope_or_aged,40,0,1,1,40,0,0,0,0,B,21,13,0,39,6,38,True,s_star,0.525,0.525,s_star,40,0,0,0,,,,,,,,,True,"{""applicable>APPLICABLE"": 40}"
C,C-logged,logged,40,strict,1,2,,40,,out_of_scope_or_aged,40,0,1,1,40,0,0,0,0,B,21,14,0,30,2,39,True,s_star,0.525,0.525,s_star,40,0,0,0,,,,,,,,,True,"{""applicable>APPLICABLE"": 40}"
C,C-logged,logged,40,strict,1,3,,40,,out_of_scope_or_aged,40,0,1,1,40,0,0,0,0,B,23,13,0,39,2,38,True,s_star,0.575,0.575,s_star,40,0,0,0,,,,,,,,,True,"{""applicable>APPLICABLE"": 40}"
C,C-logged,logged,40,strict,1,4,,40,,out_of_scope_or_aged,40,0,1,1,40,0,0,0,0,B,15,14,1,39,6,38,True,s_star,0.375,0.375,s_star,40,0,0,0,,,,,,,,,True,"{""applicable>APPLICABLE"": 40}"
C,C-logged,logged,40,strict,1,5,,40,,out_of_scope_or_aged,40,0,1,1,40,0,0,0,0,B,20,13,2,38,0,39,True,s_star,0.5,0.5,s_star,40,0,0,0,,,,,,,,,True,"{""applicable>APPLICABLE"": 40}"
C,C-logged,logged,40,strict,1,6,,40,,out_of_scope_or_aged,40,0,1,1,40,0,0,0,0,B,19,14,0,28,14,39,True,s_star,0.475,0.475,s_star,40,0,0,0,,,,,,,,,True,"{""applicable>APPLICABLE"": 40}"
C,C-logged,logged,40,strict,1,7,,40,,out_of_scope_or_aged,40,0,1,1,40,0,0,0,0,B,25,10,0,39,7,38,True,s_star,0.625,0.625,s_star,40,0,0,0,,,,,,,,,True,"{""applicable>APPLICABLE"": 40}"
C,C-logged,logged,40,strict,1,8,,40,,out_of_scope_or_aged,40,0,1,1,40,0,0,0,0,B,24,12,0,39,14,37,True,s_star,0.6,0.6,s_star,40,0,0,0,,,,,,,,,True,"{""applicable>APPLICABLE"": 40}"
C,C-logged,logged,40,strict,1,9,,40,,out_of_scope_or_aged,40,0,1,1,40,0,0,0,0,B,20,9,1,39,13,33,True,s_star,0.5,0.5,s_star,40,0,0,0,,,,,,,,,True,"{""applicable>APPLICABLE"": 40}"
C,C-logged,logged,40,strict,1,10,,40,,out_of_scope_or_aged,40,0,1,1,40,0,0,0,0,B,18,15,1,37,2,39,True,s_star,0.45,0.45,s_star,40,0,0,0,,,,,,,,,True,"{""applicable>APPLICABLE"": 40}"
C,C-logged,logged,40,strict,1,11,,40,,out_of_scope_or_aged,40,0,1,1,40,0,0,0,0,B,24,10,0,39,18,36,True,s_star,0.6,0.6,s_star,40,0,0,0,,,,,,,,,True,"{""applicable>APPLICABLE"": 40}"
C,C-logged,logged,40,strict,1,12,,40,,out_of_scope_or_aged,40,0,1,1,40,0,0,0,0,B,22,8,0,38,20,39,True,s_star,0.55,0.55,s_star,40,0,0,0,,,,,,,,,True,"{""applicable>APPLICABLE"": 40}"
C,C-logged,logged,40,strict,1,13,,40,,out_of_scope_or_aged,40,0,1,1,40,0,0,0,0,B,17,14,3,38,2,37,True,s_star,0.425,0.425,s_star,40,0,0,0,,,,,,,,,True,"{""applicable>APPLICABLE"": 40}"
C,C-logged,logged,40,strict,1,14,,40,,out_of_scope_or_aged,40,0,1,1,40,0,0,0,0,B,22,11,1,37,0,39,True,s_star,0.55,0.55,s_star,40,0,0,0,,,,,,,,,True,"{""applicable>APPLICABLE"": 40}"
C,C-logged,logged,40,strict,1,15,,40,,out_of_scope_or_aged,40,0,1,1,40,0,0,0,0,B,20,14,0,38,1,39,True,s_star,0.5,0.5,s_star,40,0,0,0,,,,,,,,,True,"{""applicable>APPLICABLE"": 40}"
C,C-logged,logged,40,strict,1,16,,40,,out_of_scope_or_aged,40,0,1,1,40,0,0,0,0,B,18,13,0,34,9,39,True,s_star,0.45,0.45,s_star,40,0,0,0,,,,,,,,,True,"{""applicable>APPLICABLE"": 40}"
C,C-logged,logged,40,strict,1,17,,40,,out_of_scope_or_aged,40,0,1,1,40,0,0,0,0,B,20,16,1,33,0,39,True,s_star,0.5,0.5,s_star,40,0,0,0,,,,,,,,,True,"{""applicable>APPLICABLE"": 40}"
C,C-logged,logged,40,strict,1,18,,40,,out_of_scope_or_aged,40,0,1,1,40,0,0,0,0,B,21,12,0,38,21,39,True,s_star,0.525,0.525,s_star,40,0,0,0,,,,,,,,,True,"{""applicable>APPLICABLE"": 40}"
C,C-logged,logged,40,strict,1,19,,40,,out_of_scope_or_aged,40,0,1,1,40,0,0,0,0,B,20,14,0,32,22,39,True,s_star,0.5,0.5,s_star,40,0,0,0,,,,,,,,,True,"{""applicable>APPLICABLE"": 40}"
C,C-logged,logged,40,strict,1,20,,40,,out_of_scope_or_aged,40,0,1,1,40,0,0,0,0,B,22,16,0,39,15,38,True,s_star,0.55,0.55,s_star,40,0,0,0,,,,,,,,,True,"{""applicable>APPLICABLE"": 40}"
C,C-logged,logged,40,lenient,1,1,,40,,out_of_scope_or_aged,40,0,1,1,40,0,0,0,0,B,21,13,0,39,6,38,True,s_star,0.525,0.525,s_star,40,0,0,0,,,,,,,,,True,"{""applicable>APPLICABLE"": 40}"
C,C-logged,logged,40,lenient,1,2,,40,,out_of_scope_or_aged,40,0,1,1,40,0,0,0,0,B,21,14,0,30,2,39,True,s_star,0.525,0.525,s_star,40,0,0,0,,,,,,,,,True,"{""applicable>APPLICABLE"": 40}"
C,C-logged,logged,40,lenient,1,3,,40,,out_of_scope_or_aged,40,0,1,1,40,0,0,0,0,B,23,13,0,39,2,38,True,s_star,0.575,0.575,s_star,40,0,0,0,,,,,,,,,True,"{""applicable>APPLICABLE"": 40}"
C,C-logged,logged,40,lenient,1,4,,40,,out_of_scope_or_aged,40,0,1,1,40,0,0,0,0,B,15,14,1,39,6,38,True,s_star,0.375,0.375,s_star,40,0,0,0,,,,,,,,,True,"{""applicable>APPLICABLE"": 40}"
C,C-logged,logged,40,lenient,1,5,,40,,out_of_scope_or_aged,40,0,1,1,40,0,0,0,0,B,20,13,2,38,0,39,True,s_star,0.5,0.5,s_star,40,0,0,0,,,,,,,,,True,"{""applicable>APPLICABLE"": 40}"
C,C-logged,logged,40,lenient,1,6,,40,,out_of_scope_or_aged,40,0,1,1,40,0,0,0,0,B,19,14,0,28,14,39,True,s_star,0.475,0.475,s_star,40,0,0,0,,,,,,,,,True,"{""applicable>APPLICABLE"": 40}"
C,C-logged,logged,40,lenient,1,7,,40,,out_of_scope_or_aged,40,0,1,1,40,0,0,0,0,B,25,10,0,39,7,38,True,s_star,0.625,0.625,s_star,40,0,0,0,,,,,,,,,True,"{""applicable>APPLICABLE"": 40}"
C,C-logged,logged,40,lenient,1,8,,40,,out_of_scope_or_aged,40,0,1,1,40,0,0,0,0,B,24,12,0,39,14,37,True,s_star,0.6,0.6,s_star,40,0,0,0,,,,,,,,,True,"{""applicable>APPLICABLE"": 40}"
C,C-logged,logged,40,lenient,1,9,,40,,out_of_scope_or_aged,40,0,1,1,40,0,0,0,0,B,20,9,1,39,13,33,True,s_star,0.5,0.5,s_star,40,0,0,0,,,,,,,,,True,"{""applicable>APPLICABLE"": 40}"
C,C-logged,logged,40,lenient,1,10,,40,,out_of_scope_or_aged,40,0,1,1,40,0,0,0,0,B,18,15,1,37,2,39,True,s_star,0.45,0.45,s_star,40,0,0,0,,,,,,,,,True,"{""applicable>APPLICABLE"": 40}"
C,C-logged,logged,40,lenient,1,11,,40,,out_of_scope_or_aged,40,0,1,1,40,0,0,0,0,B,24,10,0,39,18,36,True,s_star,0.6,0.6,s_star,40,0,0,0,,,,,,,,,True,"{""applicable>APPLICABLE"": 40}"
C,C-logged,logged,40,lenient,1,12,,40,,out_of_scope_or_aged,40,0,1,1,40,0,0,0,0,B,22,8,0,38,20,39,True,s_star,0.55,0.55,s_star,40,0,0,0,,,,,,,,,True,"{""applicable>APPLICABLE"": 40}"
C,C-logged,logged,40,lenient,1,13,,40,,out_of_scope_or_aged,40,0,1,1,40,0,0,0,0,B,17,14,3,38,2,37,True,s_star,0.425,0.425,s_star,40,0,0,0,,,,,,,,,True,"{""applicable>APPLICABLE"": 40}"
C,C-logged,logged,40,lenient,1,14,,40,,out_of_scope_or_aged,40,0,1,1,40,0,0,0,0,B,22,11,1,37,0,39,True,s_star,0.55,0.55,s_star,40,0,0,0,,,,,,,,,True,"{""applicable>APPLICABLE"": 40}"
C,C-logged,logged,40,lenient,1,15,,40,,out_of_scope_or_aged,40,0,1,1,40,0,0,0,0,B,20,14,0,38,1,39,True,s_star,0.5,0.5,s_star,40,0,0,0,,,,,,,,,True,"{""applicable>APPLICABLE"": 40}"
C,C-logged,logged,40,lenient,1,16,,40,,out_of_scope_or_aged,40,0,1,1,40,0,0,0,0,B,18,13,0,34,9,39,True,s_star,0.45,0.45,s_star,40,0,0,0,,,,,,,,,True,"{""applicable>APPLICABLE"": 40}"
C,C-logged,logged,40,lenient,1,17,,40,,out_of_scope_or_aged,40,0,1,1,40,0,0,0,0,B,20,16,1,33,0,39,True,s_star,0.5,0.5,s_star,40,0,0,0,,,,,,,,,True,"{""applicable>APPLICABLE"": 40}"
C,C-logged,logged,40,lenient,1,18,,40,,out_of_scope_or_aged,40,0,1,1,40,0,0,0,0,B,21,12,0,38,21,39,True,s_star,0.525,0.525,s_star,40,0,0,0,,,,,,,,,True,"{""applicable>APPLICABLE"": 40}"
C,C-logged,logged,40,lenient,1,19,,40,,out_of_scope_or_aged,40,0,1,1,40,0,0,0,0,B,20,14,0,32,22,39,True,s_star,0.5,0.5,s_star,40,0,0,0,,,,,,,,,True,"{""applicable>APPLICABLE"": 40}"
C,C-logged,logged,40,lenient,1,20,,40,,out_of_scope_or_aged,40,0,1,1,40,0,0,0,0,B,22,16,0,39,15,38,True,s_star,0.55,0.55,s_star,40,0,0,0,,,,,,,,,True,"{""applicable>APPLICABLE"": 40}"
C,C-logged,logged,160,strict,1,1,,160,,B_blocking,40,40,1,1,40,0,120,0,0,B,9,28,126,158,120,159,True,,0.4098467862483195,0.4098467862483195,s_star,160,0,0,0,,,,,,,,,False,"{""applicable>AGED"": 120, ""applicable>APPLICABLE"": 40}"
C,C-logged,logged,160,strict,1,2,,160,,B_blocking,40,40,1,1,40,0,120,0,0,B,9,25,120,155,121,159,True,s_star,0.4702182225782285,0.4702182225782286,s_star,160,0,0,0,,,,,,,,,True,"{""applicable>AGED"": 120, ""applicable>APPLICABLE"": 40}"
C,C-logged,logged,160,strict,1,3,,160,,B_blocking,40,40,1,1,40,0,120,0,0,B,9,25,133,157,121,158,True,,0.41789893733782013,0.41789893733782024,s_star,160,0,0,0,,,,,,,,,False,"{""applicable>AGED"": 120, ""applicable>APPLICABLE"": 40}"
C,C-logged,logged,160,strict,1,4,,160,,B_blocking,40,40,1,1,40,0,120,0,0,B,6,27,129,155,120,159,True,,0.3814366516270136,0.3814366516270136,s_star,160,0,0,0,,,,,,,,,False,"{""applicable>AGED"": 120, ""applicable>APPLICABLE"": 40}"
C,C-logged,logged,160,strict,1,5,,160,,B_blocking,40,40,1,1,40,0,120,0,0,B,10,26,129,156,121,159,True,s_star,0.4310048017413836,0.4310048017413837,s_star,160,0,0,0,,,,,,,,,True,"{""applicable>AGED"": 120, ""applicable>APPLICABLE"": 40}"
C,C-logged,logged,160,strict,1,6,,160,,B_blocking,40,40,1,1,40,0,120,0,0,B,11,23,127,157,120,159,True,s_star,0.4476112267921495,0.4476112267921496,s_star,160,0,0,0,,,,,,,,,True,"{""applicable>AGED"": 120, ""applicable>APPLICABLE"": 40}"
C,C-logged,logged,160,strict,1,7,,160,,B_blocking,40,40,1,1,40,0,120,0,0,B,7,25,120,159,121,157,True,,0.4091490725009897,0.40914907250098975,s_star,160,0,0,0,,,,,,,,,False,"{""applicable>AGED"": 120, ""applicable>APPLICABLE"": 40}"
C,C-logged,logged,160,strict,1,8,,160,,B_blocking,40,40,1,1,40,0,120,0,0,B,9,25,123,155,120,159,True,s_star,0.4440919145700079,0.44409191457000796,s_star,160,0,0,0,,,,,,,,,True,"{""applicable>AGED"": 120, ""applicable>APPLICABLE"": 40}"
C,C-logged,logged,160,strict,1,9,,160,,B_blocking,40,40,1,1,40,0,120,0,0,B,10,27,128,151,120,159,True,,0.43642863971302187,0.4364286397130219,s_star,160,0,0,0,,,,,,,,,False,"{""applicable>AGED"": 120, ""applicable>APPLICABLE"": 40}"
C,C-logged,logged,160,strict,1,10,,160,,B_blocking,40,40,1,1,40,0,120,0,0,B,10,19,126,159,120,158,True,s_star,0.4619020714601686,0.4619020714601687,s_star,160,0,0,0,,,,,,,,,True,"{""applicable>AGED"": 120, ""applicable>APPLICABLE"": 40}"
C,C-logged,logged,160,strict,1,11,,160,,B_blocking,40,40,1,1,40,0,120,0,0,B,11,26,120,156,122,159,True,s_star,0.4805571407531526,0.4805571407531526,s_star,160,0,0,0,,,,,,,,,True,"{""applicable>AGED"": 120, ""applicable>APPLICABLE"": 40}"
C,C-logged,logged,160,strict,1,12,,160,,B_blocking,40,40,1,1,40,0,120,0,0,B,15,19,120,159,128,156,True,s_star,0.47851579755699164,0.47851579755699175,s_star,160,0,0,0,,,,,,,,,True,"{""applicable>AGED"": 120, ""applicable>APPLICABLE"": 40}"
C,C-logged,logged,160,strict,1,13,,160,,B_blocking,40,40,1,1,40,0,120,0,0,B,11,23,121,157,120,159,True,,0.3639934489155533,0.36399344891555335,s_star,160,0,0,0,,,,,,,,,False,"{""applicable>AGED"": 120, ""applicable>APPLICABLE"": 40}"
C,C-logged,logged,160,strict,1,14,,160,,B_blocking,40,40,1,1,40,0,120,0,0,B,13,21,122,156,120,157,True,s_star,0.48336594390069104,0.4833659439006911,s_star,160,0,0,0,,,,,,,,,True,"{""applicable>AGED"": 120, ""applicable>APPLICABLE"": 40}"
C,C-logged,logged,160,strict,1,15,,160,,B_blocking,40,40,1,1,40,0,120,0,0,B,7,27,122,149,120,159,True,,0.38179673423552746,0.3817967342355275,s_star,160,0,0,0,,,,,,,,,False,"{""applicable>AGED"": 120, ""applicable>APPLICABLE"": 40}"
C,C-logged,logged,160,strict,1,16,,160,,B_blocking,40,40,1,1,40,0,120,0,0,B,8,25,121,157,122,159,True,,0.3690088642280468,0.3690088642280469,s_star,160,0,0,0,,,,,,,,,False,"{""applicable>AGED"": 120, ""applicable>APPLICABLE"": 40}"
C,C-logged,logged,160,strict,1,17,,160,,B_blocking,40,40,1,1,40,0,120,0,0,B,8,26,126,156,120,159,True,s_star,0.4425435616695286,0.44254356166952863,s_star,160,0,0,0,,,,,,,,,True,"{""applicable>AGED"": 120, ""applicable>APPLICABLE"": 40}"
C,C-logged,logged,160,strict,1,18,,160,,B_blocking,40,40,1,1,40,0,120,0,0,B,14,20,126,156,120,159,True,s_star,0.5123183496345378,0.5123183496345378,s_star,160,0,0,0,,,,,,,,,True,"{""applicable>AGED"": 120, ""applicable>APPLICABLE"": 40}"
C,C-logged,logged,160,strict,1,19,,160,,B_blocking,40,40,1,1,40,0,120,0,0,B,14,21,126,159,120,158,True,s_star,0.4878885037049514,0.4878885037049514,s_star,160,0,0,0,,,,,,,,,True,"{""applicable>AGED"": 120, ""applicable>APPLICABLE"": 40}"
C,C-logged,logged,160,strict,1,20,,160,,B_blocking,40,40,1,1,40,0,120,0,0,B,16,15,120,156,121,158,True,s_star,0.4935290385125799,0.49352903851257995,s_star,160,0,0,0,,,,,,,,,True,"{""applicable>AGED"": 120, ""applicable>APPLICABLE"": 40}"
C,C-logged,logged,160,lenient,1,1,,160,,B_blocking,120,40,1,1,120,0,40,0,0,B,46,61,40,158,44,159,True,,0.4098467862483195,0.4098467862483195,s_star,160,0,0,0,,,,,,,,,False,"{""applicable>AGED"": 40, ""applicable>APPLICABLE"": 120}"
C,C-logged,logged,160,lenient,1,2,,160,,B_blocking,120,40,1,1,120,0,40,0,0,B,55,47,41,155,42,159,True,s_star,0.4702182225782285,0.4702182225782286,s_star,160,0,0,0,,,,,,,,,True,"{""applicable>AGED"": 40, ""applicable>APPLICABLE"": 120}"
C,C-logged,logged,160,lenient,1,3,,160,,B_blocking,120,40,1,1,120,0,40,0,0,B,47,57,41,157,40,158,True,,0.41789893733782013,0.41789893733782024,s_star,160,0,0,0,,,,,,,,,False,"{""applicable>AGED"": 40, ""applicable>APPLICABLE"": 120}"
C,C-logged,logged,160,lenient,1,4,,160,,B_blocking,120,40,1,1,120,0,40,0,0,B,45,57,40,155,54,159,True,,0.3814366516270136,0.3814366516270136,s_star,160,0,0,0,,,,,,,,,False,"{""applicable>AGED"": 40, ""applicable>APPLICABLE"": 120}"
C,C-logged,logged,160,lenient,1,5,,160,,B_blocking,120,40,1,1,120,0,40,0,0,B,52,51,40,156,51,159,True,s_star,0.4310048017413836,0.4310048017413837,s_star,160,0,0,0,,,,,,,,,True,"{""applicable>AGED"": 40, ""applicable>APPLICABLE"": 120}"
C,C-logged,logged,160,lenient,1,6,,160,,B_blocking,120,40,1,1,120,0,40,0,0,B,52,44,40,157,44,159,True,s_star,0.4476112267921495,0.4476112267921496,s_star,160,0,0,0,,,,,,,,,True,"{""applicable>AGED"": 40, ""applicable>APPLICABLE"": 120}"
C,C-logged,logged,160,lenient,1,7,,160,,B_blocking,120,40,1,1,120,0,40,0,0,B,47,51,40,159,43,157,True,,0.4091490725009897,0.40914907250098975,s_star,160,0,0,0,,,,,,,,,False,"{""applicable>AGED"": 40, ""applicable>APPLICABLE"": 120}"
C,C-logged,logged,160,lenient,1,8,,160,,B_blocking,120,40,1,1,120,0,40,0,0,B,52,53,41,155,80,159,True,s_star,0.4440919145700079,0.44409191457000796,s_star,160,0,0,0,,,,,,,,,True,"{""applicable>AGED"": 40, ""applicable>APPLICABLE"": 120}"
C,C-logged,logged,160,lenient,1,9,,160,,B_blocking,120,40,1,1,120,0,40,0,0,B,54,57,40,151,54,159,True,,0.43642863971302187,0.4364286397130219,s_star,160,0,0,0,,,,,,,,,False,"{""applicable>AGED"": 40, ""applicable>APPLICABLE"": 120}"
C,C-logged,logged,160,lenient,1,10,,160,,B_blocking,120,40,1,1,120,0,40,0,0,B,55,49,41,159,40,158,True,s_star,0.4619020714601686,0.4619020714601687,s_star,160,0,0,0,,,,,,,,,True,"{""applicable>AGED"": 40, ""applicable>APPLICABLE"": 120}"
C,C-logged,logged,160,lenient,1,11,,160,,B_blocking,120,40,1,1,120,0,40,0,0,B,57,50,40,156,54,159,True,s_star,0.4805571407531526,0.4805571407531526,s_star,160,0,0,0,,,,,,,,,True,"{""applicable>AGED"": 40, ""applicable>APPLICABLE"": 120}"
C,C-logged,logged,160,lenient,1,12,,160,,B_blocking,120,40,1,1,120,0,40,0,0,B,56,43,40,159,56,156,True,s_star,0.47851579755699164,0.47851579755699175,s_star,160,0,0,0,,,,,,,,,True,"{""applicable>AGED"": 40, ""applicable>APPLICABLE"": 120}"
C,C-logged,logged,160,lenient,1,13,,160,,B_blocking,120,40,1,1,120,0,40,0,0,B,44,59,40,157,77,159,True,,0.3639934489155533,0.36399344891555335,s_star,160,0,0,0,,,,,,,,,False,"{""applicable>AGED"": 40, ""applicable>APPLICABLE"": 120}"
C,C-logged,logged,160,lenient,1,14,,160,,B_blocking,120,40,1,1,120,0,40,0,0,B,57,47,40,156,43,157,True,s_star,0.48336594390069104,0.4833659439006911,s_star,160,0,0,0,,,,,,,,,True,"{""applicable>AGED"": 40, ""applicable>APPLICABLE"": 120}"
C,C-logged,logged,160,lenient,1,15,,160,,B_blocking,120,40,1,1,120,0,40,0,0,B,44,56,40,149,60,159,True,,0.38179673423552746,0.3817967342355275,s_star,160,0,0,0,,,,,,,,,False,"{""applicable>AGED"": 40, ""applicable>APPLICABLE"": 120}"
C,C-logged,logged,160,lenient,1,16,,160,,B_blocking,120,40,1,1,120,0,40,0,0,B,45,59,40,157,53,159,True,,0.3690088642280468,0.3690088642280469,s_star,160,0,0,0,,,,,,,,,False,"{""applicable>AGED"": 40, ""applicable>APPLICABLE"": 120}"
C,C-logged,logged,160,lenient,1,17,,160,,B_blocking,120,40,1,1,120,0,40,0,0,B,53,54,40,156,52,159,True,s_star,0.4425435616695286,0.44254356166952863,s_star,160,0,0,0,,,,,,,,,True,"{""applicable>AGED"": 40, ""applicable>APPLICABLE"": 120}"
C,C-logged,logged,160,lenient,1,18,,160,,B_blocking,120,40,1,1,120,0,40,0,0,B,62,42,40,156,80,159,True,s_star,0.5123183496345378,0.5123183496345378,s_star,160,0,0,0,,,,,,,,,True,"{""applicable>AGED"": 40, ""applicable>APPLICABLE"": 120}"
C,C-logged,logged,160,lenient,1,19,,160,,B_blocking,120,40,1,1,120,0,40,0,0,B,58,46,40,159,41,158,True,s_star,0.4878885037049514,0.4878885037049514,s_star,160,0,0,0,,,,,,,,,True,"{""applicable>AGED"": 40, ""applicable>APPLICABLE"": 120}"
C,C-logged,logged,160,lenient,1,20,,160,,B_blocking,120,40,1,1,120,0,40,0,0,B,57,44,40,156,42,158,True,s_star,0.4935290385125799,0.49352903851257995,s_star,160,0,0,0,,,,,,,,,True,"{""applicable>AGED"": 40, ""applicable>APPLICABLE"": 120}"
D,D-logged,logged,40,strict,1,1,none,40,s_star,elected,27,0,1,0,27,0,0,13,0,T,22,0,13,38,,,True,s_star,0.825,0.825,s_star,27,13,0,0,13,0,0,True,True,0,UNEVALUABLE,True,False,"{""applicable>APPLICABLE"": 27, ""unevaluable>UNEVALUABLE"": 13}"
D,D-logged,logged,40,strict,1,2,total,40,,out_of_scope_or_aged,40,0,2,1,40,0,0,0,0,B,20,1,13,39,31,31,True,s_star,0.8,0.8,s_star,27,13,0,0,0,0,0,True,True,0,APPLICABLE,True,True,"{""applicable>APPLICABLE"": 40}"
D,D-logged,logged,40,strict,1,3,total,40,,out_of_scope_or_aged,40,0,2,1,40,0,0,0,0,B,22,1,14,39,38,38,True,s_star,0.85,0.85,s_star,27,13,0,0,0,0,0,True,True,0,APPLICABLE,True,True,"{""applicable>APPLICABLE"": 40}"
D,D-logged,logged,40,strict,1,4,none,40,s_star,elected,27,0,1,0,27,0,0,13,0,T,21,0,13,39,,,True,s_star,0.725,0.725,s_star,27,13,0,0,13,0,0,True,True,0,UNEVALUABLE,True,False,"{""applicable>APPLICABLE"": 27, ""unevaluable>UNEVALUABLE"": 13}"
D,D-logged,logged,40,strict,1,5,none,40,,out_of_scope_or_aged,27,0,1,1,27,0,0,13,0,B,21,2,14,39,13,34,True,s_star,0.775,0.775,s_star,27,13,0,0,13,0,0,True,True,0,UNEVALUABLE,True,True,"{""applicable>APPLICABLE"": 27, ""unevaluable>UNEVALUABLE"": 13}"
D,D-logged,logged,40,strict,1,6,none,40,,out_of_scope_or_aged,27,0,1,1,27,0,0,13,0,B,21,1,13,38,16,16,True,s_star,0.75,0.75,s_star,27,13,0,0,13,0,0,True,True,0,UNEVALUABLE,True,True,"{""applicable>APPLICABLE"": 27, ""unevaluable>UNEVALUABLE"": 13}"
D,D-logged,logged,40,strict,1,7,none,40,,out_of_scope_or_aged,27,0,1,1,27,0,0,13,0,B,22,1,13,38,36,36,True,s_star,0.825,0.825,s_star,27,13,0,0,13,0,0,True,True,0,UNEVALUABLE,True,True,"{""applicable>APPLICABLE"": 27, ""unevaluable>UNEVALUABLE"": 13}"
D,D-logged,logged,40,strict,1,8,partial,40,s_star,elected,27,0,1,0,27,13,0,0,0,T,24,0,13,39,,,True,s_star,0.875,0.875,s_star,27,13,0,0,0,0,0,True,True,0,OUT_OF_SCOPE,True,False,"{""applicable>APPLICABLE"": 27, ""out_of_scope>OUT_OF_SCOPE"": 13}"
D,D-logged,logged,40,strict,1,9,none,40,s_star,elected,27,0,1,0,27,0,0,13,0,T,21,0,13,39,,,True,s_star,0.725,0.725,s_star,27,13,0,0,13,0,0,True,True,0,UNEVALUABLE,True,False,"{""applicable>APPLICABLE"": 27, ""unevaluable>UNEVALUABLE"": 13}"
D,D-logged,logged,40,strict,1,10,none,40,,out_of_scope_or_aged,27,0,1,1,27,0,0,13,0,B,21,1,14,39,38,38,True,s_star,0.725,0.725,s_star,27,13,0,0,13,0,0,True,True,0,UNEVALUABLE,True,True,"{""applicable>APPLICABLE"": 27, ""unevaluable>UNEVALUABLE"": 13}"
D,D-logged,logged,40,strict,1,11,total,40,,out_of_scope_or_aged,40,0,2,1,40,0,0,0,0,B,21,2,13,39,16,25,True,s_star,0.8,0.8,s_star,27,13,0,0,0,0,0,True,True,0,APPLICABLE,True,True,"{""applicable>APPLICABLE"": 40}"
D,D-logged,logged,40,strict,1,12,partial,40,s_star,elected,27,0,1,0,27,13,0,0,0,T,20,0,13,39,,,True,s_star,0.775,0.775,s_star,27,13,0,0,0,0,0,True,True,0,OUT_OF_SCOPE,True,False,"{""applicable>APPLICABLE"": 27, ""out_of_scope>OUT_OF_SCOPE"": 13}"
D,D-logged,logged,40,strict,1,13,none,40,,out_of_scope_or_aged,27,0,1,1,27,0,0,13,0,B,22,1,13,39,16,16,True,s_star,0.725,0.725,s_star,27,13,0,0,13,0,0,True,True,0,UNEVALUABLE,True,True,"{""applicable>APPLICABLE"": 27, ""unevaluable>UNEVALUABLE"": 13}"
D,D-logged,logged,40,strict,1,14,none,40,,out_of_scope_or_aged,27,0,1,1,27,0,0,13,0,B,20,1,13,39,36,36,True,s_star,0.8,0.8,s_star,27,13,0,0,13,0,0,True,True,0,UNEVALUABLE,True,True,"{""applicable>APPLICABLE"": 27, ""unevaluable>UNEVALUABLE"": 13}"
D,D-logged,logged,40,strict,1,15,none,40,,out_of_scope_or_aged,27,0,1,1,27,0,0,13,0,B,22,1,14,39,27,27,True,s_star,0.8,0.8,s_star,27,13,0,0,13,0,0,True,True,0,UNEVALUABLE,True,True,"{""applicable>APPLICABLE"": 27, ""unevaluable>UNEVALUABLE"": 13}"
D,D-logged,logged,40,strict,1,16,none,40,,out_of_scope_or_aged,27,0,1,1,27,0,0,13,0,B,20,1,14,39,31,31,True,s_star,0.725,0.725,s_star,27,13,0,0,13,0,0,True,True,0,UNEVALUABLE,True,True,"{""applicable>APPLICABLE"": 27, ""unevaluable>UNEVALUABLE"": 13}"
D,D-logged,logged,40,strict,1,17,none,40,,out_of_scope_or_aged,27,0,1,1,27,0,0,13,0,B,23,1,13,39,23,23,True,s_star,0.85,0.85,s_star,27,13,0,0,13,0,0,True,True,0,UNEVALUABLE,True,True,"{""applicable>APPLICABLE"": 27, ""unevaluable>UNEVALUABLE"": 13}"
D,D-logged,logged,40,strict,1,18,partial,40,,out_of_scope_or_aged,27,0,1,1,27,13,0,0,0,B,23,1,13,39,34,34,True,s_star,0.8,0.8,s_star,27,13,0,0,0,0,0,True,True,0,OUT_OF_SCOPE,True,True,"{""applicable>APPLICABLE"": 27, ""out_of_scope>OUT_OF_SCOPE"": 13}"
D,D-logged,logged,40,strict,1,19,partial,40,,out_of_scope_or_aged,27,0,1,1,27,13,0,0,0,B,21,3,13,38,31,39,True,s_star,0.8,0.8,s_star,27,13,0,0,0,0,0,True,True,0,OUT_OF_SCOPE,True,True,"{""applicable>APPLICABLE"": 27, ""out_of_scope>OUT_OF_SCOPE"": 13}"
D,D-logged,logged,40,strict,1,20,total,40,,out_of_scope_or_aged,40,0,2,1,40,0,0,0,0,B,24,2,15,39,13,14,True,s_star,0.9,0.9,s_star,27,13,0,0,0,0,0,True,True,0,APPLICABLE,True,True,"{""applicable>APPLICABLE"": 40}"
D,D-logged,logged,40,lenient,1,1,none,40,s_star,elected,27,0,1,0,27,0,0,13,0,T,22,0,13,38,,,True,s_star,0.825,0.825,s_star,27,13,0,0,13,0,0,True,True,0,UNEVALUABLE,True,False,"{""applicable>APPLICABLE"": 27, ""unevaluable>UNEVALUABLE"": 13}"
D,D-logged,logged,40,lenient,1,2,total,40,,out_of_scope_or_aged,40,0,2,1,40,0,0,0,0,B,20,1,13,39,31,31,True,s_star,0.8,0.8,s_star,27,13,0,0,0,0,0,True,True,0,APPLICABLE,True,True,"{""applicable>APPLICABLE"": 40}"
D,D-logged,logged,40,lenient,1,3,total,40,,out_of_scope_or_aged,40,0,2,1,40,0,0,0,0,B,22,1,14,39,38,38,True,s_star,0.85,0.85,s_star,27,13,0,0,0,0,0,True,True,0,APPLICABLE,True,True,"{""applicable>APPLICABLE"": 40}"
D,D-logged,logged,40,lenient,1,4,none,40,s_star,elected,27,0,1,0,27,0,0,13,0,T,21,0,13,39,,,True,s_star,0.725,0.725,s_star,27,13,0,0,13,0,0,True,True,0,UNEVALUABLE,True,False,"{""applicable>APPLICABLE"": 27, ""unevaluable>UNEVALUABLE"": 13}"
D,D-logged,logged,40,lenient,1,5,none,40,,out_of_scope_or_aged,27,0,1,1,27,0,0,13,0,B,21,2,14,39,13,34,True,s_star,0.775,0.775,s_star,27,13,0,0,13,0,0,True,True,0,UNEVALUABLE,True,True,"{""applicable>APPLICABLE"": 27, ""unevaluable>UNEVALUABLE"": 13}"
D,D-logged,logged,40,lenient,1,6,none,40,,out_of_scope_or_aged,27,0,1,1,27,0,0,13,0,B,21,1,13,38,16,16,True,s_star,0.75,0.75,s_star,27,13,0,0,13,0,0,True,True,0,UNEVALUABLE,True,True,"{""applicable>APPLICABLE"": 27, ""unevaluable>UNEVALUABLE"": 13}"
D,D-logged,logged,40,lenient,1,7,none,40,,out_of_scope_or_aged,27,0,1,1,27,0,0,13,0,B,22,1,13,38,36,36,True,s_star,0.825,0.825,s_star,27,13,0,0,13,0,0,True,True,0,UNEVALUABLE,True,True,"{""applicable>APPLICABLE"": 27, ""unevaluable>UNEVALUABLE"": 13}"
D,D-logged,logged,40,lenient,1,8,partial,40,s_star,elected,27,0,1,0,27,13,0,0,0,T,24,0,13,39,,,True,s_star,0.875,0.875,s_star,27,13,0,0,0,0,0,True,True,0,OUT_OF_SCOPE,True,False,"{""applicable>APPLICABLE"": 27, ""out_of_scope>OUT_OF_SCOPE"": 13}"
D,D-logged,logged,40,lenient,1,9,none,40,s_star,elected,27,0,1,0,27,0,0,13,0,T,21,0,13,39,,,True,s_star,0.725,0.725,s_star,27,13,0,0,13,0,0,True,True,0,UNEVALUABLE,True,False,"{""applicable>APPLICABLE"": 27, ""unevaluable>UNEVALUABLE"": 13}"
D,D-logged,logged,40,lenient,1,10,none,40,,out_of_scope_or_aged,27,0,1,1,27,0,0,13,0,B,21,1,14,39,38,38,True,s_star,0.725,0.725,s_star,27,13,0,0,13,0,0,True,True,0,UNEVALUABLE,True,True,"{""applicable>APPLICABLE"": 27, ""unevaluable>UNEVALUABLE"": 13}"
D,D-logged,logged,40,lenient,1,11,total,40,,out_of_scope_or_aged,40,0,2,1,40,0,0,0,0,B,21,2,13,39,16,25,True,s_star,0.8,0.8,s_star,27,13,0,0,0,0,0,True,True,0,APPLICABLE,True,True,"{""applicable>APPLICABLE"": 40}"
D,D-logged,logged,40,lenient,1,12,partial,40,s_star,elected,27,0,1,0,27,13,0,0,0,T,20,0,13,39,,,True,s_star,0.775,0.775,s_star,27,13,0,0,0,0,0,True,True,0,OUT_OF_SCOPE,True,False,"{""applicable>APPLICABLE"": 27, ""out_of_scope>OUT_OF_SCOPE"": 13}"
D,D-logged,logged,40,lenient,1,13,none,40,,out_of_scope_or_aged,27,0,1,1,27,0,0,13,0,B,22,1,13,39,16,16,True,s_star,0.725,0.725,s_star,27,13,0,0,13,0,0,True,True,0,UNEVALUABLE,True,True,"{""applicable>APPLICABLE"": 27, ""unevaluable>UNEVALUABLE"": 13}"
D,D-logged,logged,40,lenient,1,14,none,40,,out_of_scope_or_aged,27,0,1,1,27,0,0,13,0,B,20,1,13,39,36,36,True,s_star,0.8,0.8,s_star,27,13,0,0,13,0,0,True,True,0,UNEVALUABLE,True,True,"{""applicable>APPLICABLE"": 27, ""unevaluable>UNEVALUABLE"": 13}"
D,D-logged,logged,40,lenient,1,15,none,40,,out_of_scope_or_aged,27,0,1,1,27,0,0,13,0,B,22,1,14,39,27,27,True,s_star,0.8,0.8,s_star,27,13,0,0,13,0,0,True,True,0,UNEVALUABLE,True,True,"{""applicable>APPLICABLE"": 27, ""unevaluable>UNEVALUABLE"": 13}"
D,D-logged,logged,40,lenient,1,16,none,40,,out_of_scope_or_aged,27,0,1,1,27,0,0,13,0,B,20,1,14,39,31,31,True,s_star,0.725,0.725,s_star,27,13,0,0,13,0,0,True,True,0,UNEVALUABLE,True,True,"{""applicable>APPLICABLE"": 27, ""unevaluable>UNEVALUABLE"": 13}"
D,D-logged,logged,40,lenient,1,17,none,40,,out_of_scope_or_aged,27,0,1,1,27,0,0,13,0,B,23,1,13,39,23,23,True,s_star,0.85,0.85,s_star,27,13,0,0,13,0,0,True,True,0,UNEVALUABLE,True,True,"{""applicable>APPLICABLE"": 27, ""unevaluable>UNEVALUABLE"": 13}"
D,D-logged,logged,40,lenient,1,18,partial,40,,out_of_scope_or_aged,27,0,1,1,27,13,0,0,0,B,23,1,13,39,34,34,True,s_star,0.8,0.8,s_star,27,13,0,0,0,0,0,True,True,0,OUT_OF_SCOPE,True,True,"{""applicable>APPLICABLE"": 27, ""out_of_scope>OUT_OF_SCOPE"": 13}"
D,D-logged,logged,40,lenient,1,19,partial,40,,out_of_scope_or_aged,27,0,1,1,27,13,0,0,0,B,21,3,13,38,31,39,True,s_star,0.8,0.8,s_star,27,13,0,0,0,0,0,True,True,0,OUT_OF_SCOPE,True,True,"{""applicable>APPLICABLE"": 27, ""out_of_scope>OUT_OF_SCOPE"": 13}"
D,D-logged,logged,40,lenient,1,20,total,40,,out_of_scope_or_aged,40,0,2,1,40,0,0,0,0,B,24,2,15,39,13,14,True,s_star,0.9,0.9,s_star,27,13,0,0,0,0,0,True,True,0,APPLICABLE,True,True,"{""applicable>APPLICABLE"": 40}"
D,D-logged,logged,160,strict,1,1,none,160,,B_blocking,40,40,1,1,40,0,67,53,0,B,34,2,120,158,151,157,True,s_star,0.805950812114359,0.8059508121143591,s_star,107,53,0,0,53,0,0,True,True,0,UNEVALUABLE,True,True,"{""applicable>AGED"": 67, ""applicable>APPLICABLE"": 40, ""unevaluable>UNEVALUABLE"": 53}"
D,D-logged,logged,160,strict,1,2,total,160,,B_blocking,40,40,1,1,40,0,120,0,0,B,30,3,120,159,123,145,True,s_star,0.7892982872849169,0.7892982872849171,s_star,107,53,0,0,0,0,0,False,True,53,APPLICABLE,True,True,"{""applicable>AGED"": 120, ""applicable>APPLICABLE"": 40}"
D,D-logged,logged,160,strict,1,3,total,160,,B_blocking,40,40,1,1,40,0,120,0,0,B,33,2,120,159,121,122,True,s_star,0.8266940539221186,0.8266940539221187,s_star,107,53,0,0,0,0,0,False,True,53,APPLICABLE,True,True,"{""applicable>AGED"": 120, ""applicable>APPLICABLE"": 40}"
D,D-logged,logged,160,strict,1,4,none,160,,B_blocking,40,40,1,1,40,0,67,53,0,B,29,4,121,159,120,145,True,s_star,0.7833720212923769,0.783372021292377,s_star,107,53,0,0,53,0,0,True,True,0,UNEVALUABLE,True,True,"{""applicable>AGED"": 67, ""applicable>APPLICABLE"": 40, ""unevaluable>UNEVALUABLE"": 53}"
D,D-logged,logged,160,strict,1,5,none,160,,B_blocking,40,40,1,1,40,0,67,53,0,B,35,2,120,159,145,157,True,s_star,0.794742146382702,0.7947421463827022,s_star,107,53,0,0,53,0,0,True,True,0,UNEVALUABLE,True,True,"{""applicable>AGED"": 67, ""applicable>APPLICABLE"": 40, ""unevaluable>UNEVALUABLE"": 53}"
D,D-logged,logged,160,strict,1,6,none,160,,B_blocking,40,40,1,1,40,0,67,53,0,B,30,3,120,158,124,140,True,s_star,0.7280220344802075,0.7280220344802075,s_star,107,53,0,0,53,0,0,True,True,0,UNEVALUABLE,True,True,"{""applicable>AGED"": 67, ""applicable>APPLICABLE"": 40, ""unevaluable>UNEVALUABLE"": 53}"
D,D-logged,logged,160,strict,1,7,none,160,,B_blocking,40,40,1,1,40,0,67,53,0,B,30,1,120,158,149,149,True,s_star,0.7721280315763444,0.7721280315763445,s_star,107,53,0,0,53,0,0,True,True,0,UNEVALUABLE,True,True,"{""applicable>AGED"": 67, ""applicable>APPLICABLE"": 40, ""unevaluable>UNEVALUABLE"": 53}"
D,D-logged,logged,160,strict,1,8,partial,160,,B_blocking,40,40,1,1,40,53,67,0,0,B,32,3,120,159,138,145,True,s_star,0.8280627300768741,0.828062730076874,s_star,107,53,0,0,0,0,0,True,True,0,OUT_OF_SCOPE,True,True,"{""applicable>AGED"": 67, ""applicable>APPLICABLE"": 40, ""out_of_scope>OUT_OF_SCOPE"": 53}"
D,D-logged,logged,160,strict,1,9,none,160,,B_blocking,40,40,1,1,40,0,67,53,0,B,34,3,121,159,120,131,True,s_star,0.8528477509321507,0.8528477509321508,s_star,107,53,0,0,53,0,0,True,True,0,UNEVALUABLE,True,True,"{""applicable>AGED"": 67, ""applicable>APPLICABLE"": 40, ""unevaluable>UNEVALUABLE"": 53}"
D,D-logged,logged,160,strict,1,10,none,160,,B_blocking,40,40,1,1,40,0,67,53,0,B,29,1,121,159,125,125,True,s_star,0.7906713192739871,0.7906713192739871,s_star,107,53,0,0,53,0,0,True,True,0,UNEVALUABLE,True,True,"{""applicable>AGED"": 67, ""applicable>APPLICABLE"": 40, ""unevaluable>UNEVALUABLE"": 53}"
D,D-logged,logged,160,strict,1,11,total,160,,B_blocking,40,40,1,1,40,0,120,0,0,B,34,3,120,159,136,143,True,s_star,0.8315433489298283,0.8315433489298284,s_star,107,53,0,0,0,0,0,False,True,53,APPLICABLE,True,True,"{""applicable>AGED"": 120, ""applicable>APPLICABLE"": 40}"
D,D-logged,logged,160,strict,1,12,partial,160,,B_blocking,40,40,1,1,40,53,67,0,0,B,34,1,120,159,129,129,True,s_star,0.8082195490616274,0.8082195490616275,s_star,107,53,0,0,0,0,0,True,True,0,OUT_OF_SCOPE,True,True,"{""applicable>AGED"": 67, ""applicable>APPLICABLE"": 40, ""out_of_scope>OUT_OF_SCOPE"": 53}"
D,D-logged,logged,160,strict,1,13,none,160,s_star,elected,40,40,1,0,40,0,67,53,0,T,34,0,120,159,,,True,s_star,0.8180274424743821,0.8180274424743822,s_star,107,53,0,0,53,0,0,True,True,0,UNEVALUABLE,True,False,"{""applicable>AGED"": 67, ""applicable>APPLICABLE"": 40, ""unevaluable>UNEVALUABLE"": 53}"
D,D-logged,logged,160,strict,1,14,none,160,s_star,elected,40,40,1,0,40,0,67,53,0,T,34,0,120,159,,,True,s_star,0.8292363199342239,0.8292363199342239,s_star,107,53,0,0,53,0,0,True,True,0,UNEVALUABLE,True,False,"{""applicable>AGED"": 67, ""applicable>APPLICABLE"": 40, ""unevaluable>UNEVALUABLE"": 53}"
D,D-logged,logged,160,strict,1,15,none,160,,B_blocking,40,40,1,1,40,0,67,53,0,B,30,4,120,159,132,158,True,s_star,0.7845244418723112,0.7845244418723112,s_star,107,53,0,0,53,0,0,True,True,0,UNEVALUABLE,True,True,"{""applicable>AGED"": 67, ""applicable>APPLICABLE"": 40, ""unevaluable>UNEVALUABLE"": 53}"
D,D-logged,logged,160,strict,1,16,none,160,,B_blocking,40,40,1,1,40,0,67,53,0,B,32,1,120,158,125,125,True,s_star,0.8094392024758179,0.809439202475818,s_star,107,53,0,0,53,0,0,True,True,0,UNEVALUABLE,True,True,"{""applicable>AGED"": 67, ""applicable>APPLICABLE"": 40, ""unevaluable>UNEVALUABLE"": 53}"
D,D-logged,logged,160,strict,1,17,none,160,,B_blocking,40,40,1,1,40,0,67,53,0,B,32,1,121,158,134,134,True,s_star,0.8355808762237948,0.835580876223795,s_star,107,53,0,0,53,0,0,True,True,0,UNEVALUABLE,True,True,"{""applicable>AGED"": 67, ""applicable>APPLICABLE"": 40, ""unevaluable>UNEVALUABLE"": 53}"
D,D-logged,logged,160,strict,1,18,partial,160,s_star,elected,40,40,1,0,40,53,67,0,0,T,34,0,120,158,,,True,s_star,0.8297843517445962,0.8297843517445963,s_star,107,53,0,0,0,0,0,True,True,0,OUT_OF_SCOPE,True,False,"{""applicable>AGED"": 67, ""applicable>APPLICABLE"": 40, ""out_of_scope>OUT_OF_SCOPE"": 53}"
D,D-logged,logged,160,strict,1,19,partial,160,,B_blocking,40,40,1,1,40,53,67,0,0,B,33,1,123,158,120,120,True,s_star,0.7910207827681105,0.7910207827681106,s_star,107,53,0,0,0,0,0,True,True,0,OUT_OF_SCOPE,True,True,"{""applicable>AGED"": 67, ""applicable>APPLICABLE"": 40, ""out_of_scope>OUT_OF_SCOPE"": 53}"
D,D-logged,logged,160,strict,1,20,total,160,,B_blocking,40,40,1,1,40,0,120,0,0,B,29,1,120,159,124,124,True,s_star,0.8022500384315363,0.8022500384315364,s_star,107,53,0,0,0,0,0,False,True,53,APPLICABLE,True,True,"{""applicable>AGED"": 120, ""applicable>APPLICABLE"": 40}"
D,D-logged,logged,160,lenient,1,1,none,160,,out_of_scope_or_aged,107,0,1,1,107,0,0,53,0,B,85,9,53,158,62,157,True,s_star,0.805950812114359,0.8059508121143591,s_star,107,53,0,0,53,0,0,True,True,0,UNEVALUABLE,True,True,"{""applicable>APPLICABLE"": 107, ""unevaluable>UNEVALUABLE"": 53}"
D,D-logged,logged,160,lenient,1,2,total,160,,B_blocking,120,40,2,1,120,0,40,0,0,B,85,5,54,159,63,145,True,s_star,0.7892982872849169,0.7892982872849171,s_star,107,53,0,0,0,0,0,False,True,40,APPLICABLE,True,True,"{""applicable>AGED"": 40, ""applicable>APPLICABLE"": 120}"
D,D-logged,logged,160,lenient,1,3,total,160,,B_blocking,120,40,2,1,120,0,40,0,0,B,89,4,53,159,81,122,True,s_star,0.8266940539221186,0.8266940539221187,s_star,107,53,0,0,0,0,0,False,True,40,APPLICABLE,True,True,"{""applicable>AGED"": 40, ""applicable>APPLICABLE"": 120}"
D,D-logged,logged,160,lenient,1,4,none,160,,out_of_scope_or_aged,107,0,1,1,107,0,0,53,0,B,85,7,53,159,63,145,True,s_star,0.7833720212923769,0.783372021292377,s_star,107,53,0,0,53,0,0,True,True,0,UNEVALUABLE,True,True,"{""applicable>APPLICABLE"": 107, ""unevaluable>UNEVALUABLE"": 53}"
D,D-logged,logged,160,lenient,1,5,none,160,,out_of_scope_or_aged,107,0,1,1,107,0,0,53,0,B,86,6,54,159,76,157,True,s_star,0.794742146382702,0.7947421463827022,s_star,107,53,0,0,53,0,0,True,True,0,UNEVALUABLE,True,True,"{""applicable>APPLICABLE"": 107, ""unevaluable>UNEVALUABLE"": 53}"
D,D-logged,logged,160,lenient,1,6,none,160,,out_of_scope_or_aged,107,0,1,1,107,0,0,53,0,B,78,8,53,158,54,140,True,s_star,0.7280220344802075,0.7280220344802075,s_star,107,53,0,0,53,0,0,True,True,0,UNEVALUABLE,True,True,"{""applicable>APPLICABLE"": 107, ""unevaluable>UNEVALUABLE"": 53}"
D,D-logged,logged,160,lenient,1,7,none,160,,out_of_scope_or_aged,107,0,1,1,107,0,0,53,0,B,81,5,53,158,54,149,True,s_star,0.7721280315763444,0.7721280315763445,s_star,107,53,0,0,53,0,0,True,True,0,UNEVALUABLE,True,True,"{""applicable>APPLICABLE"": 107, ""unevaluable>UNEVALUABLE"": 53}"
D,D-logged,logged,160,lenient,1,8,partial,160,,out_of_scope_or_aged,107,0,1,1,107,53,0,0,0,B,88,6,53,159,98,145,True,s_star,0.8280627300768741,0.828062730076874,s_star,107,53,0,0,0,0,0,True,True,0,OUT_OF_SCOPE,True,True,"{""applicable>APPLICABLE"": 107, ""out_of_scope>OUT_OF_SCOPE"": 53}"
D,D-logged,logged,160,lenient,1,9,none,160,,out_of_scope_or_aged,107,0,1,1,107,0,0,53,0,B,94,5,53,159,91,131,True,s_star,0.8528477509321507,0.8528477509321508,s_star,107,53,0,0,53,0,0,True,True,0,UNEVALUABLE,True,True,"{""applicable>APPLICABLE"": 107, ""unevaluable>UNEVALUABLE"": 53}"
D,D-logged,logged,160,lenient,1,10,none,160,,out_of_scope_or_aged,107,0,1,1,107,0,0,53,0,B,86,6,53,159,61,125,True,s_star,0.7906713192739871,0.7906713192739871,s_star,107,53,0,0,53,0,0,True,True,0,UNEVALUABLE,True,True,"{""applicable>APPLICABLE"": 107, ""unevaluable>UNEVALUABLE"": 53}"
D,D-logged,logged,160,lenient,1,11,total,160,,B_blocking,120,40,2,1,120,0,40,0,0,B,90,6,53,159,59,143,True,s_star,0.8315433489298283,0.8315433489298284,s_star,107,53,0,0,0,0,0,False,True,40,APPLICABLE,True,True,"{""applicable>AGED"": 40, ""applicable>APPLICABLE"": 120}"
D,D-logged,logged,160,lenient,1,12,partial,160,,out_of_scope_or_aged,107,0,1,1,107,53,0,0,0,B,87,3,53,159,54,129,True,s_star,0.8082195490616274,0.8082195490616275,s_star,107,53,0,0,0,0,0,True,True,0,OUT_OF_SCOPE,True,True,"{""applicable>APPLICABLE"": 107, ""out_of_scope>OUT_OF_SCOPE"": 53}"
D,D-logged,logged,160,lenient,1,13,none,160,,out_of_scope_or_aged,107,0,1,1,107,0,0,53,0,B,89,4,53,159,75,92,True,s_star,0.8180274424743821,0.8180274424743822,s_star,107,53,0,0,53,0,0,True,True,0,UNEVALUABLE,True,True,"{""applicable>APPLICABLE"": 107, ""unevaluable>UNEVALUABLE"": 53}"
D,D-logged,logged,160,lenient,1,14,none,160,,out_of_scope_or_aged,107,0,1,1,107,0,0,53,0,B,89,3,53,159,65,118,True,s_star,0.8292363199342239,0.8292363199342239,s_star,107,53,0,0,53,0,0,True,True,0,UNEVALUABLE,True,True,"{""applicable>APPLICABLE"": 107, ""unevaluable>UNEVALUABLE"": 53}"
D,D-logged,logged,160,lenient,1,15,none,160,,out_of_scope_or_aged,107,0,1,1,107,0,0,53,0,B,84,7,53,159,58,158,True,s_star,0.7845244418723112,0.7845244418723112,s_star,107,53,0,0,53,0,0,True,True,0,UNEVALUABLE,True,True,"{""applicable>APPLICABLE"": 107, ""unevaluable>UNEVALUABLE"": 53}"
D,D-logged,logged,160,lenient,1,16,none,160,,out_of_scope_or_aged,107,0,1,1,107,0,0,53,0,B,89,3,53,158,88,125,True,s_star,0.8094392024758179,0.809439202475818,s_star,107,53,0,0,53,0,0,True,True,0,UNEVALUABLE,True,True,"{""applicable>APPLICABLE"": 107, ""unevaluable>UNEVALUABLE"": 53}"
D,D-logged,logged,160,lenient,1,17,none,160,,out_of_scope_or_aged,107,0,1,1,107,0,0,53,0,B,90,4,53,158,62,134,True,s_star,0.8355808762237948,0.835580876223795,s_star,107,53,0,0,53,0,0,True,True,0,UNEVALUABLE,True,True,"{""applicable>APPLICABLE"": 107, ""unevaluable>UNEVALUABLE"": 53}"
D,D-logged,logged,160,lenient,1,18,partial,160,,out_of_scope_or_aged,107,0,1,1,107,53,0,0,0,B,88,2,53,158,96,115,True,s_star,0.8297843517445962,0.8297843517445963,s_star,107,53,0,0,0,0,0,True,True,0,OUT_OF_SCOPE,True,True,"{""applicable>APPLICABLE"": 107, ""out_of_scope>OUT_OF_SCOPE"": 53}"
D,D-logged,logged,160,lenient,1,19,partial,160,,out_of_scope_or_aged,107,0,1,1,107,53,0,0,0,B,84,6,53,158,72,120,True,s_star,0.7910207827681105,0.7910207827681106,s_star,107,53,0,0,0,0,0,True,True,0,OUT_OF_SCOPE,True,True,"{""applicable>APPLICABLE"": 107, ""out_of_scope>OUT_OF_SCOPE"": 53}"
D,D-logged,logged,160,lenient,1,20,total,160,,B_blocking,120,40,2,1,120,0,40,0,0,B,84,4,53,159,80,124,True,s_star,0.8022500384315363,0.8022500384315364,s_star,107,53,0,0,0,0,0,False,True,40,APPLICABLE,True,True,"{""applicable>AGED"": 40, ""applicable>APPLICABLE"": 120}"
