P3_R_declared_reproduced,P3_R_declared_total,P3_R_mix_reproduced,P3_R_mix_total,P3_R_simple_reproduced,P3_R_simple_total,P3b_failed,P3b_total,P5_R_declared_conflict_first_two,P5_R_declared_monotone,P5_R_sym_shortened,P6_R_cross_adj_after_rename,P6_R_declared_adj_after_rename,P6_R_declared_all_reason,P6_R_declared_suspended_ok,P7_declared_state_ok,P7_returns_after_redecl,R_cross_n_adj,R_cross_window,R_declared_n_adj,R_declared_window,R_fixed_n_adj,R_fixed_window,R_mix_n_triggers,R_mix_window,R_simple_n_adj,R_simple_window,R_sym_n_adj,R_sym_window,T,cost_A_R_cross,cost_A_R_declared,cost_B_R_declared,cost_B_R_fixed,k,seed,world
9,9,1,3,12,12,9,9,,,,,,,,,,9,130,9,130,0,40,4,160,12,160,9,130,320,,,,,3,1,S
8,8,1,3,12,12,8,8,,,,,,,,,,8,120,8,120,0,40,4,160,12,160,8,120,320,,,,,3,2,S
5,5,1,3,12,12,5,5,,,,,,,,,,5,90,5,90,0,40,4,160,12,160,5,90,320,,,,,3,3,S
5,5,1,3,12,12,5,5,,,,,,,,,,5,90,5,90,0,40,4,160,12,160,5,90,320,,,,,3,4,S
7,7,1,3,12,12,7,7,,,,,,,,,,7,110,7,110,0,40,4,160,12,160,7,110,320,,,,,3,5,S
4,4,1,3,12,12,4,4,,,,,,,,,,4,80,4,80,0,40,4,160,12,160,4,80,320,,,,,3,6,S
7,7,1,3,12,12,7,7,,,,,,,,,,7,110,7,110,0,40,4,160,12,160,7,110,320,,,,,3,7,S
7,7,1,3,12,12,7,7,,,,,,,,,,7,110,7,110,0,40,4,160,12,160,7,110,320,,,,,3,8,S
5,5,1,3,12,12,5,5,,,,,,,,,,5,90,5,90,0,40,4,160,12,160,5,90,320,,,,,3,9,S
6,6,1,3,12,12,6,6,,,,,,,,,,6,100,6,100,0,40,4,160,12,160,6,100,320,,,,,3,10,S
7,7,1,3,12,12,7,7,,,,,,,,,,7,110,7,110,0,40,4,160,12,160,7,110,320,,,,,3,11,S
4,4,1,3,12,12,4,4,,,,,,,,,,4,80,4,80,0,40,4,160,12,160,4,80,320,,,,,3,12,S
8,8,1,3,12,12,8,8,,,,,,,,,,8,120,8,120,0,40,4,160,12,160,8,120,320,,,,,3,13,S
8,8,1,3,12,12,8,8,,,,,,,,,,8,120,8,120,0,40,4,160,12,160,8,120,320,,,,,3,14,S
5,5,1,3,12,12,5,5,,,,,,,,,,5,90,5,90,0,40,4,160,12,160,5,90,320,,,,,3,15,S
8,8,1,3,12,12,8,8,,,,,,,,,,8,120,8,120,0,40,4,160,12,160,8,120,320,,,,,3,16,S
8,8,1,3,12,12,8,8,,,,,,,,,,8,120,8,120,0,40,4,160,12,160,8,120,320,,,,,3,17,S
6,6,1,3,12,12,6,6,,,,,,,,,,6,100,6,100,0,40,4,160,12,160,6,100,320,,,,,3,18,S
6,6,1,3,12,12,6,6,,,,,,,,,,6,100,6,100,0,40,4,160,12,160,6,100,320,,,,,3,19,S
7,7,1,3,12,12,7,7,,,,,,,,,,7,110,7,110,0,40,4,160,12,160,7,110,320,,,,,3,20,S
5,5,1,3,12,12,5,5,,,,,,,,,,5,90,5,90,0,40,4,160,12,160,5,90,320,,,,,5,1,S
3,3,1,3,12,12,3,3,,,,,,,,,,3,70,3,70,0,40,3,150,12,160,3,70,320,,,,,5,2,S
1,1,1,2,12,12,1,1,,,,,,,,,,1,50,1,50,0,40,2,110,12,160,1,50,320,,,,,5,3,S
1,1,1,2,12,12,1,1,,,,,,,,,,1,50,1,50,0,40,2,110,12,160,1,50,320,,,,,5,4,S
3,3,1,3,12,12,3,3,,,,,,,,,,3,70,3,70,0,40,3,150,12,160,3,70,320,,,,,5,5,S
0,0,0,0,12,12,0,0,,,,,,,,,,0,40,0,40,0,40,0,40,12,160,0,40,320,,,,,5,6,S
4,4,1,3,12,12,4,4,,,,,,,,,,4,80,4,80,0,40,3,150,12,160,4,80,320,,,,,5,7,S
4,4,1,3,12,12,4,4,,,,,,,,,,4,80,4,80,0,40,4,160,12,160,4,80,320,,,,,5,8,S
3,3,1,3,12,12,3,3,,,,,,,,,,3,70,3,70,0,40,4,160,12,160,3,70,320,,,,,5,9,S
2,2,1,2,12,12,2,2,,,,,,,,,,2,60,2,60,0,40,2,110,12,160,2,60,320,,,,,5,10,S
4,4,1,3,12,12,4,4,,,,,,,,,,4,80,4,80,0,40,4,160,12,160,4,80,320,,,,,5,11,S
2,2,1,3,12,12,2,2,,,,,,,,,,2,60,2,60,0,40,3,150,12,160,2,60,320,,,,,5,12,S
5,5,1,3,12,12,5,5,,,,,,,,,,5,90,5,90,0,40,4,160,12,160,5,90,320,,,,,5,13,S
5,5,1,3,12,12,5,5,,,,,,,,,,5,90,5,90,0,40,4,160,12,160,5,90,320,,,,,5,14,S
3,3,1,3,12,12,3,3,,,,,,,,,,3,70,3,70,0,40,3,150,12,160,3,70,320,,,,,5,15,S
4,4,1,3,12,12,4,4,,,,,,,,,,4,80,4,80,0,40,4,160,12,160,4,80,320,,,,,5,16,S
4,4,1,3,12,12,4,4,,,,,,,,,,4,80,4,80,0,40,4,160,12,160,4,80,320,,,,,5,17,S
4,4,1,3,12,12,4,4,,,,,,,,,,4,80,4,80,0,40,4,160,12,160,4,80,320,,,,,5,18,S
1,1,1,1,12,12,1,1,,,,,,,,,,1,50,1,50,0,40,1,70,12,160,1,50,320,,,,,5,19,S
3,3,1,3,12,12,3,3,,,,,,,,,,3,70,3,70,0,40,4,160,12,160,3,70,320,,,,,5,20,S
12,12,1,3,12,12,12,12,,,,,,,,,,12,160,12,160,0,40,4,160,12,160,12,160,640,,,,,3,1,S
12,12,1,3,12,12,12,12,,,,,,,,,,12,160,12,160,0,40,4,160,12,160,12,160,640,,,,,3,2,S
12,12,1,3,12,12,12,12,,,,,,,,,,12,160,12,160,0,40,4,160,12,160,12,160,640,,,,,3,3,S
12,12,1,3,12,12,12,12,,,,,,,,,,12,160,12,160,0,40,4,160,12,160,12,160,640,,,,,3,4,S
12,12,1,3,12,12,12,12,,,,,,,,,,12,160,12,160,0,40,4,160,12,160,12,160,640,,,,,3,5,S
11,11,1,3,12,12,11,11,,,,,,,,,,11,150,11,150,0,40,4,160,12,160,11,150,640,,,,,3,6,S
12,12,1,3,12,12,12,12,,,,,,,,,,12,160,12,160,0,40,4,160,12,160,12,160,640,,,,,3,7,S
12,12,1,3,12,12,12,12,,,,,,,,,,12,160,12,160,0,40,4,160,12,160,12,160,640,,,,,3,8,S
12,12,1,3,12,12,12,12,,,,,,,,,,12,160,12,160,0,40,4,160,12,160,12,160,640,,,,,3,9,S
12,12,1,3,12,12,12,12,,,,,,,,,,12,160,12,160,0,40,4,160,12,160,12,160,640,,,,,3,10,S
12,12,1,3,12,12,12,12,,,,,,,,,,12,160,12,160,0,40,4,160,12,160,12,160,640,,,,,3,11,S
12,12,1,3,12,12,12,12,,,,,,,,,,12,160,12,160,0,40,4,160,12,160,12,160,640,,,,,3,12,S
12,12,1,3,12,12,12,12,,,,,,,,,,12,160,12,160,0,40,4,160,12,160,12,160,640,,,,,3,13,S
12,12,1,3,12,12,12,12,,,,,,,,,,12,160,12,160,0,40,4,160,12,160,12,160,640,,,,,3,14,S
12,12,1,3,12,12,12,12,,,,,,,,,,12,160,12,160,0,40,4,160,12,160,12,160,640,,,,,3,15,S
12,12,1,3,12,12,12,12,,,,,,,,,,12,160,12,160,0,40,4,160,12,160,12,160,640,,,,,3,16,S
12,12,1,3,12,12,12,12,,,,,,,,,,12,160,12,160,0,40,4,160,12,160,12,160,640,,,,,3,17,S
12,12,1,3,12,12,12,12,,,,,,,,,,12,160,12,160,0,40,4,160,12,160,12,160,640,,,,,3,18,S
12,12,1,3,12,12,12,12,,,,,,,,,,12,160,12,160,0,40,4,160,12,160,12,160,640,,,,,3,19,S
12,12,1,3,12,12,12,12,,,,,,,,,,12,160,12,160,0,40,4,160,12,160,12,160,640,,,,,3,20,S
9,9,1,3,12,12,9,9,,,,,,,,,,9,130,9,130,0,40,4,160,12,160,9,130,640,,,,,5,1,S
9,9,1,3,12,12,9,9,,,,,,,,,,9,130,9,130,0,40,4,160,12,160,9,130,640,,,,,5,2,S
5,5,1,3,12,12,5,5,,,,,,,,,,5,90,5,90,0,40,4,160,12,160,5,90,640,,,,,5,3,S
6,6,1,3,12,12,6,6,,,,,,,,,,6,100,6,100,0,40,4,160,12,160,6,100,640,,,,,5,4,S
7,7,1,3,12,12,7,7,,,,,,,,,,7,110,7,110,0,40,4,160,12,160,7,110,640,,,,,5,5,S
4,4,1,3,12,12,4,4,,,,,,,,,,4,80,4,80,0,40,4,160,12,160,4,80,640,,,,,5,6,S
9,9,1,3,12,12,9,9,,,,,,,,,,9,130,9,130,0,40,4,160,12,160,9,130,640,,,,,5,7,S
9,9,1,3,12,12,9,9,,,,,,,,,,9,130,9,130,0,40,4,160,12,160,9,130,640,,,,,5,8,S
8,8,1,3,12,12,8,8,,,,,,,,,,8,120,8,120,0,40,4,160,12,160,8,120,640,,,,,5,9,S
8,8,1,3,12,12,8,8,,,,,,,,,,8,120,8,120,0,40,4,160,12,160,8,120,640,,,,,5,10,S
8,8,1,3,12,12,8,8,,,,,,,,,,8,120,8,120,0,40,4,160,12,160,8,120,640,,,,,5,11,S
7,7,1,3,12,12,7,7,,,,,,,,,,7,110,7,110,0,40,4,160,12,160,7,110,640,,,,,5,12,S
10,10,1,3,12,12,10,10,,,,,,,,,,10,140,10,140,0,40,4,160,12,160,10,140,640,,,,,5,13,S
11,11,1,3,12,12,11,11,,,,,,,,,,11,150,11,150,0,40,4,160,12,160,11,150,640,,,,,5,14,S
9,9,1,3,12,12,9,9,,,,,,,,,,9,130,9,130,0,40,4,160,12,160,9,130,640,,,,,5,15,S
6,6,1,3,12,12,6,6,,,,,,,,,,6,100,6,100,0,40,4,160,12,160,6,100,640,,,,,5,16,S
9,9,1,3,12,12,9,9,,,,,,,,,,9,130,9,130,0,40,4,160,12,160,9,130,640,,,,,5,17,S
8,8,1,3,12,12,8,8,,,,,,,,,,8,120,8,120,0,40,4,160,12,160,8,120,640,,,,,5,18,S
2,2,1,3,12,12,2,2,,,,,,,,,,2,60,2,60,0,40,3,150,12,160,2,60,640,,,,,5,19,S
9,9,1,3,12,12,9,9,,,,,,,,,,9,130,9,130,0,40,4,160,12,160,9,130,640,,,,,5,20,S
,,,,,,,,,,,,,,,,,0,40,0,40,0,40,0,40,1,50,0,30,320,,,,,3,1,N
,,,,,,,,,,,,,,,,,0,40,0,40,0,40,0,40,2,60,0,40,320,,,,,3,2,N
,,,,,,,,,,,,,,,,,0,40,0,40,0,40,0,40,1,50,0,40,320,,,,,3,3,N
,,,,,,,,,,,,,,,,,0,40,0,40,0,40,0,40,1,50,0,30,320,,,,,3,4,N
,,,,,,,,,,,,,,,,,0,40,0,40,0,40,0,40,3,70,0,30,320,,,,,3,5,N
,,,,,,,,,,,,,,,,,0,40,0,40,0,40,0,40,12,160,1,40,320,,,,,3,6,N
,,,,,,,,,,,,,,,,,0,40,0,40,0,40,0,40,2,60,0,40,320,,,,,3,7,N
,,,,,,,,,,,,,,,,,0,40,0,40,0,40,0,40,2,60,0,40,320,,,,,3,8,N
,,,,,,,,,,,,,,,,,0,40,0,40,0,40,0,40,9,130,0,30,320,,,,,3,9,N
,,,,,,,,,,,,,,,,,0,40,0,40,0,40,0,40,5,90,0,30,320,,,,,3,10,N
,,,,,,,,,,,,,,,,,0,40,0,40,0,40,0,40,2,60,0,20,320,,,,,3,11,N
,,,,,,,,,,,,,,,,,0,40,0,40,0,40,0,40,7,110,0,30,320,,,,,3,12,N
,,,,,,,,,,,,,,,,,0,40,0,40,0,40,0,40,2,60,0,30,320,,,,,3,13,N
,,,,,,,,,,,,,,,,,0,40,0,40,0,40,0,40,11,150,0,40,320,,,,,3,14,N
,,,,,,,,,,,,,,,,,0,40,0,40,0,40,0,40,3,70,0,30,320,,,,,3,15,N
,,,,,,,,,,,,,,,,,0,40,0,40,0,40,0,40,0,40,0,30,320,,,,,3,16,N
,,,,,,,,,,,,,,,,,0,40,0,40,0,40,0,40,2,60,0,30,320,,,,,3,17,N
,,,,,,,,,,,,,,,,,0,40,0,40,0,40,0,40,2,60,0,20,320,,,,,3,18,N
,,,,,,,,,,,,,,,,,0,40,0,40,0,40,0,40,1,50,0,40,320,,,,,3,19,N
,,,,,,,,,,,,,,,,,0,40,0,40,0,40,0,40,7,110,0,40,320,,,,,3,20,N
,,,,,,,,,,,,,,,,,0,40,0,40,0,40,0,40,1,50,0,40,320,,,,,5,1,N
,,,,,,,,,,,,,,,,,0,40,0,40,0,40,0,40,2,60,0,40,320,,,,,5,2,N
,,,,,,,,,,,,,,,,,0,40,0,40,0,40,0,40,1,50,0,40,320,,,,,5,3,N
,,,,,,,,,,,,,,,,,0,40,0,40,0,40,0,40,1,50,0,40,320,,,,,5,4,N
,,,,,,,,,,,,,,,,,0,40,0,40,0,40,0,40,3,70,0,40,320,,,,,5,5,N
,,,,,,,,,,,,,,,,,0,40,0,40,0,40,0,40,12,160,0,40,320,,,,,5,6,N
,,,,,,,,,,,,,,,,,0,40,0,40,0,40,0,40,2,60,0,40,320,,,,,5,7,N
,,,,,,,,,,,,,,,,,0,40,0,40,0,40,0,40,2,60,0,40,320,,,,,5,8,N
,,,,,,,,,,,,,,,,,0,40,0,40,0,40,0,40,9,130,0,30,320,,,,,5,9,N
,,,,,,,,,,,,,,,,,0,40,0,40,0,40,0,40,5,90,0,40,320,,,,,5,10,N
,,,,,,,,,,,,,,,,,0,40,0,40,0,40,0,40,2,60,0,40,320,,,,,5,11,N
,,,,,,,,,,,,,,,,,0,40,0,40,0,40,0,40,7,110,0,40,320,,,,,5,12,N
,,,,,,,,,,,,,,,,,0,40,0,40,0,40,0,40,2,60,0,40,320,,,,,5,13,N
,,,,,,,,,,,,,,,,,0,40,0,40,0,40,0,40,11,150,0,40,320,,,,,5,14,N
,,,,,,,,,,,,,,,,,0,40,0,40,0,40,0,40,3,70,0,40,320,,,,,5,15,N
,,,,,,,,,,,,,,,,,0,40,0,40,0,40,0,40,0,40,0,40,320,,,,,5,16,N
,,,,,,,,,,,,,,,,,0,40,0,40,0,40,0,40,2,60,0,40,320,,,,,5,17,N
,,,,,,,,,,,,,,,,,0,40,0,40,0,40,0,40,2,60,0,40,320,,,,,5,18,N
,,,,,,,,,,,,,,,,,0,40,0,40,0,40,0,40,1,50,0,40,320,,,,,5,19,N
,,,,,,,,,,,,,,,,,0,40,0,40,0,40,0,40,7,110,0,40,320,,,,,5,20,N
,,,,,,,,,,,,,,,,,0,40,0,40,0,40,0,40,2,60,0,30,640,,,,,3,1,N
,,,,,,,,,,,,,,,,,0,40,0,40,0,40,0,40,8,120,1,30,640,,,,,3,2,N
,,,,,,,,,,,,,,,,,0,40,0,40,0,40,0,40,8,120,1,40,640,,,,,3,3,N
,,,,,,,,,,,,,,,,,0,40,0,40,0,40,0,40,4,80,0,30,640,,,,,3,4,N
,,,,,,,,,,,,,,,,,0,40,0,40,0,40,0,40,8,120,0,20,640,,,,,3,5,N
,,,,,,,,,,,,,,,,,0,40,0,40,0,40,0,40,12,160,2,30,640,,,,,3,6,N
,,,,,,,,,,,,,,,,,0,40,0,40,0,40,0,40,3,70,0,40,640,,,,,3,7,N
,,,,,,,,,,,,,,,,,0,40,0,40,0,40,0,40,3,70,0,40,640,,,,,3,8,N
,,,,,,,,,,,,,,,,,0,40,0,40,0,40,0,40,12,160,0,30,640,,,,,3,9,N
,,,,,,,,,,,,,,,,,0,40,0,40,0,40,0,40,8,120,0,20,640,,,,,3,10,N
,,,,,,,,,,,,,,,,,0,40,0,40,0,40,0,40,2,60,1,30,640,,,,,3,11,N
,,,,,,,,,,,,,,,,,0,40,0,40,0,40,0,40,12,160,0,30,640,,,,,3,12,N
,,,,,,,,,,,,,,,,,0,40,0,40,0,40,0,40,2,60,0,30,640,,,,,3,13,N
,,,,,,,,,,,,,,,,,0,40,0,40,0,40,0,40,12,160,0,30,640,,,,,3,14,N
,,,,,,,,,,,,,,,,,0,40,0,40,0,40,0,40,9,130,1,30,640,,,,,3,15,N
,,,,,,,,,,,,,,,,,0,40,0,40,0,40,0,40,11,150,0,20,640,,,,,3,16,N
,,,,,,,,,,,,,,,,,0,40,0,40,0,40,0,40,8,120,0,20,640,,,,,3,17,N
,,,,,,,,,,,,,,,,,0,40,0,40,0,40,0,40,12,160,0,20,640,,,,,3,18,N
,,,,,,,,,,,,,,,,,0,40,0,40,0,40,0,40,6,100,0,30,640,,,,,3,19,N
,,,,,,,,,,,,,,,,,0,40,0,40,0,40,0,40,10,140,0,20,640,,,,,3,20,N
,,,,,,,,,,,,,,,,,0,40,0,40,0,40,0,40,2,60,0,40,640,,,,,5,1,N
,,,,,,,,,,,,,,,,,0,40,0,40,0,40,0,40,8,120,0,40,640,,,,,5,2,N
,,,,,,,,,,,,,,,,,0,40,0,40,0,40,0,40,8,120,0,40,640,,,,,5,3,N
,,,,,,,,,,,,,,,,,0,40,0,40,0,40,0,40,4,80,0,40,640,,,,,5,4,N
,,,,,,,,,,,,,,,,,0,40,0,40,0,40,0,40,8,120,0,30,640,,,,,5,5,N
,,,,,,,,,,,,,,,,,0,40,0,40,0,40,0,40,12,160,0,40,640,,,,,5,6,N
,,,,,,,,,,,,,,,,,0,40,0,40,0,40,0,40,3,70,0,40,640,,,,,5,7,N
,,,,,,,,,,,,,,,,,0,40,0,40,0,40,0,40,3,70,0,40,640,,,,,5,8,N
,,,,,,,,,,,,,,,,,0,40,0,40,0,40,0,40,12,160,0,30,640,,,,,5,9,N
,,,,,,,,,,,,,,,,,0,40,0,40,0,40,0,40,8,120,0,40,640,,,,,5,10,N
,,,,,,,,,,,,,,,,,0,40,0,40,0,40,0,40,2,60,0,40,640,,,,,5,11,N
,,,,,,,,,,,,,,,,,0,40,0,40,0,40,0,40,12,160,0,40,640,,,,,5,12,N
,,,,,,,,,,,,,,,,,0,40,0,40,0,40,0,40,2,60,0,40,640,,,,,5,13,N
,,,,,,,,,,,,,,,,,0,40,0,40,0,40,0,40,12,160,0,40,640,,,,,5,14,N
,,,,,,,,,,,,,,,,,0,40,0,40,0,40,0,40,9,130,0,40,640,,,,,5,15,N
,,,,,,,,,,,,,,,,,0,40,0,40,0,40,0,40,11,150,0,40,640,,,,,5,16,N
,,,,,,,,,,,,,,,,,0,40,0,40,0,40,0,40,8,120,0,40,640,,,,,5,17,N
,,,,,,,,,,,,,,,,,0,40,0,40,0,40,0,40,12,160,0,40,640,,,,,5,18,N
,,,,,,,,,,,,,,,,,0,40,0,40,0,40,0,40,6,100,0,40,640,,,,,5,19,N
,,,,,,,,,,,,,,,,,0,40,0,40,0,40,0,40,10,140,0,40,640,,,,,5,20,N
,,,,,,,,True,True,True,,,,,,,5,90,5,90,0,40,,,12,160,5,80,320,,,5,4,3,1,K
,,,,,,,,True,True,False,,,,,,,5,90,5,90,0,40,,,12,160,5,90,320,,,3,4,3,2,K
,,,,,,,,True,True,True,,,,,,,5,90,5,90,0,40,,,12,160,5,80,320,,,5,3,3,3,K
,,,,,,,,True,True,False,,,,,,,4,80,4,80,0,40,,,12,160,4,80,320,,,1,1,3,4,K
,,,,,,,,True,True,True,,,,,,,5,90,5,90,0,40,,,11,150,5,80,320,,,7,5,3,5,K
,,,,,,,,True,True,False,,,,,,,4,80,4,80,0,40,,,12,160,4,80,320,,,2,2,3,6,K
,,,,,,,,True,True,True,,,,,,,5,90,5,90,0,40,,,12,160,6,90,320,,,4,4,3,7,K
,,,,,,,,True,True,False,,,,,,,6,100,6,100,0,40,,,12,160,6,100,320,,,3,3,3,8,K
,,,,,,,,True,True,True,,,,,,,5,90,5,90,0,40,,,12,160,5,80,320,,,4,3,3,9,K
,,,,,,,,True,True,True,,,,,,,5,90,5,90,0,40,,,12,160,5,80,320,,,4,4,3,10,K
,,,,,,,,True,True,True,,,,,,,6,100,6,100,0,40,,,12,160,7,100,320,,,4,2,3,11,K
,,,,,,,,True,True,True,,,,,,,4,80,4,80,0,40,,,12,160,5,80,320,,,4,3,3,12,K
,,,,,,,,True,True,True,,,,,,,6,100,6,100,0,40,,,12,160,6,90,320,,,4,2,3,13,K
,,,,,,,,True,True,True,,,,,,,6,100,6,100,0,40,,,12,160,6,90,320,,,4,2,3,14,K
,,,,,,,,True,True,False,,,,,,,5,90,5,90,0,40,,,12,160,5,90,320,,,2,1,3,15,K
,,,,,,,,True,True,True,,,,,,,5,90,5,90,0,40,,,12,160,6,80,320,,,6,3,3,16,K
,,,,,,,,True,True,True,,,,,,,6,100,6,100,0,40,,,12,160,6,90,320,,,4,2,3,17,K
,,,,,,,,True,True,False,,,,,,,3,70,3,70,0,40,,,12,160,3,70,320,,,5,4,3,18,K
,,,,,,,,True,True,False,,,,,,,5,90,5,90,0,40,,,12,160,5,90,320,,,3,3,3,19,K
,,,,,,,,True,True,True,,,,,,,6,100,6,100,0,40,,,12,160,6,90,320,,,5,4,3,20,K
,,,,,,,,True,True,False,,,,,,,3,70,3,70,0,40,,,12,160,3,70,320,,,4,4,5,1,K
,,,,,,,,True,True,False,,,,,,,1,50,1,50,0,40,,,12,160,1,50,320,,,4,4,5,2,K
,,,,,,,,True,True,False,,,,,,,2,60,2,60,0,40,,,12,160,2,60,320,,,4,3,5,3,K
,,,,,,,,True,True,False,,,,,,,2,60,2,60,0,40,,,12,160,2,60,320,,,1,1,5,4,K
,,,,,,,,True,True,False,,,,,,,1,50,1,50,0,40,,,11,150,1,50,320,,,5,5,5,5,K
,,,,,,,,True,True,False,,,,,,,2,60,2,60,0,40,,,12,160,2,60,320,,,2,2,5,6,K
,,,,,,,,True,True,False,,,,,,,3,70,3,70,0,40,,,12,160,3,70,320,,,5,4,5,7,K
,,,,,,,,True,True,False,,,,,,,3,70,3,70,0,40,,,12,160,3,70,320,,,4,3,5,8,K
,,,,,,,,True,True,False,,,,,,,3,70,3,70,0,40,,,12,160,3,70,320,,,4,3,5,9,K
,,,,,,,,True,True,False,,,,,,,2,60,2,60,0,40,,,12,160,2,60,320,,,4,4,5,10,K
,,,,,,,,True,True,False,,,,,,,4,80,4,80,0,40,,,12,160,4,80,320,,,3,2,5,11,K
,,,,,,,,True,True,False,,,,,,,2,60,2,60,0,40,,,12,160,2,60,320,,,4,3,5,12,K
,,,,,,,,True,True,False,,,,,,,4,80,4,80,0,40,,,12,160,4,80,320,,,3,2,5,13,K
,,,,,,,,True,True,False,,,,,,,4,80,4,80,0,40,,,12,160,4,80,320,,,3,2,5,14,K
,,,,,,,,True,True,False,,,,,,,3,70,3,70,0,40,,,12,160,3,70,320,,,2,1,5,15,K
,,,,,,,,True,True,True,,,,,,,2,60,2,60,0,40,,,12,160,3,60,320,,,5,3,5,16,K
,,,,,,,,True,True,False,,,,,,,3,70,3,70,0,40,,,12,160,3,70,320,,,3,2,5,17,K
,,,,,,,,True,True,False,,,,,,,1,50,1,50,0,40,,,12,160,1,50,320,,,5,4,5,18,K
,,,,,,,,True,True,False,,,,,,,2,60,2,60,0,40,,,12,160,2,60,320,,,3,3,5,19,K
,,,,,,,,True,True,False,,,,,,,3,70,3,70,0,40,,,12,160,3,70,320,,,4,4,5,20,K
,,,,,,,,True,True,True,,,,,,,12,160,12,160,0,40,,,12,160,14,160,640,,,10,5,3,1,K
,,,,,,,,True,True,True,,,,,,,11,150,11,150,0,40,,,12,160,12,140,640,,,11,7,3,2,K
,,,,,,,,True,True,True,,,,,,,6,100,6,100,0,40,,,12,160,7,100,640,,,10,7,3,3,K
,,,,,,,,True,True,True,,,,,,,11,150,11,150,0,40,,,12,160,11,140,640,,,6,4,3,4,K
,,,,,,,,True,True,True,,,,,,,12,160,12,160,0,40,,,12,160,13,160,640,,,6,4,3,5,K
,,,,,,,,True,True,True,,,,,,,9,130,9,130,0,40,,,12,160,9,120,640,,,6,5,3,6,K
,,,,,,,,True,True,True,,,,,,,12,160,12,160,0,40,,,12,160,13,150,640,,,8,4,3,7,K
,,,,,,,,True,True,True,,,,,,,12,160,12,160,0,40,,,12,160,13,160,640,,,6,2,3,8,K
,,,,,,,,True,True,True,,,,,,,12,160,12,160,0,40,,,12,160,12,150,640,,,5,2,3,9,K
,,,,,,,,True,True,True,,,,,,,12,160,12,160,0,40,,,12,160,12,150,640,,,8,5,3,10,K
,,,,,,,,True,True,True,,,,,,,12,160,12,160,0,40,,,12,160,13,160,640,,,6,3,3,11,K
,,,,,,,,True,True,True,,,,,,,11,150,11,150,0,40,,,12,160,11,140,640,,,5,3,3,12,K
,,,,,,,,True,True,True,,,,,,,12,160,12,160,0,40,,,12,160,13,160,640,,,7,3,3,13,K
,,,,,,,,True,True,True,,,,,,,12,160,12,160,0,40,,,12,160,12,150,640,,,8,5,3,14,K
,,,,,,,,True,True,True,,,,,,,10,140,10,140,0,40,,,12,160,10,130,640,,,8,4,3,15,K
,,,,,,,,True,True,True,,,,,,,12,160,12,160,0,40,,,12,160,13,160,640,,,5,4,3,16,K
,,,,,,,,True,True,True,,,,,,,12,160,12,160,0,40,,,12,160,14,160,640,,,7,3,3,17,K
,,,,,,,,True,True,True,,,,,,,11,150,11,150,0,40,,,12,160,12,150,640,,,7,3,3,18,K
,,,,,,,,True,True,True,,,,,,,12,160,12,160,0,40,,,12,160,13,160,640,,,5,1,3,19,K
,,,,,,,,True,True,True,,,,,,,12,160,12,160,0,40,,,12,160,12,150,640,,,7,5,3,20,K
,,,,,,,,True,True,True,,,,,,,8,120,8,120,0,40,,,12,160,8,110,640,,,9,5,5,1,K
,,,,,,,,True,True,False,,,,,,,5,90,5,90,0,40,,,12,160,5,90,640,,,9,7,5,2,K
,,,,,,,,True,True,False,,,,,,,1,50,1,50,0,40,,,12,160,1,50,640,,,7,7,5,3,K
,,,,,,,,True,True,False,,,,,,,3,70,3,70,0,40,,,12,160,3,70,640,,,5,4,5,4,K
,,,,,,,,True,True,False,,,,,,,7,110,7,110,0,40,,,12,160,7,110,640,,,5,4,5,5,K
,,,,,,,,True,True,False,,,,,,,3,70,3,70,0,40,,,12,160,3,70,640,,,5,5,5,6,K
,,,,,,,,True,True,False,,,,,,,7,110,7,110,0,40,,,12,160,7,110,640,,,5,4,5,7,K
,,,,,,,,True,True,False,,,,,,,7,110,7,110,0,40,,,12,160,7,110,640,,,4,2,5,8,K
,,,,,,,,True,True,False,,,,,,,7,110,7,110,0,40,,,12,160,7,110,640,,,4,2,5,9,K
,,,,,,,,True,True,False,,,,,,,5,90,5,90,0,40,,,12,160,5,90,640,,,7,5,5,10,K
,,,,,,,,True,True,False,,,,,,,7,110,7,110,0,40,,,12,160,7,110,640,,,5,3,5,11,K
,,,,,,,,True,True,False,,,,,,,6,100,6,100,0,40,,,12,160,6,100,640,,,4,3,5,12,K
,,,,,,,,True,True,True,,,,,,,9,130,9,130,0,40,,,12,160,9,120,640,,,6,3,5,13,K
,,,,,,,,True,True,False,,,,,,,6,100,6,100,0,40,,,12,160,6,100,640,,,6,5,5,14,K
,,,,,,,,True,True,False,,,,,,,6,100,6,100,0,40,,,12,160,6,100,640,,,6,4,5,15,K
,,,,,,,,True,True,False,,,,,,,6,100,6,100,0,40,,,12,160,6,100,640,,,4,4,5,16,K
,,,,,,,,True,True,True,,,,,,,8,120,8,120,0,40,,,12,160,8,110,640,,,5,3,5,17,K
,,,,,,,,True,True,False,,,,,,,7,110,7,110,0,40,,,12,160,7,110,640,,,5,3,5,18,K
,,,,,,,,True,True,False,,,,,,,5,90,5,90,0,40,,,12,160,5,90,640,,,2,1,5,19,K
,,,,,,,,True,True,False,,,,,,,6,100,6,100,0,40,,,12,160,6,100,640,,,7,5,5,20,K
,,,,,,,,,,,2,0,True,True,,,7,50,5,40,0,40,,,14,50,5,40,320,2,0,,,3,1,V
,,,,,,,,,,,2,0,True,True,,,7,50,5,40,0,40,,,14,50,5,40,320,2,0,,,3,2,V
,,,,,,,,,,,2,0,True,True,,,6,50,4,40,0,40,,,12,40,4,40,320,2,0,,,3,3,V
,,,,,,,,,,,2,0,True,True,,,5,50,3,40,0,40,,,12,40,3,40,320,2,0,,,3,4,V
,,,,,,,,,,,2,0,True,True,,,5,50,3,40,0,40,,,13,50,3,40,320,2,0,,,3,5,V
,,,,,,,,,,,1,0,True,True,,,2,40,1,40,0,40,,,12,50,1,40,320,1,0,,,3,6,V
,,,,,,,,,,,2,0,True,True,,,6,50,4,40,0,40,,,14,50,4,40,320,2,0,,,3,7,V
,,,,,,,,,,,1,0,True,True,,,5,50,4,40,0,40,,,14,50,4,40,320,1,0,,,3,8,V
,,,,,,,,,,,0,0,True,True,,,3,40,3,40,0,40,,,14,50,3,40,320,0,0,,,3,9,V
,,,,,,,,,,,2,0,True,True,,,5,50,3,40,0,40,,,14,50,3,40,320,2,0,,,3,10,V
,,,,,,,,,,,1,0,True,True,,,6,40,5,40,0,40,,,14,50,5,40,320,1,0,,,3,11,V
,,,,,,,,,,,1,0,True,True,,,4,50,3,40,0,40,,,12,40,3,40,320,1,0,,,3,12,V
,,,,,,,,,,,2,0,True,True,,,7,50,5,40,0,40,,,14,50,5,40,320,2,0,,,3,13,V
,,,,,,,,,,,2,0,True,True,,,7,50,5,40,0,40,,,13,50,5,40,320,2,0,,,3,14,V
,,,,,,,,,,,1,0,True,True,,,4,40,3,40,0,40,,,13,50,3,40,320,1,0,,,3,15,V
,,,,,,,,,,,2,0,True,True,,,6,50,4,40,0,40,,,14,50,4,40,320,2,0,,,3,16,V
,,,,,,,,,,,1,0,True,True,,,6,50,5,40,0,40,,,13,50,5,40,320,1,0,,,3,17,V
,,,,,,,,,,,1,0,True,True,,,4,50,3,40,0,40,,,14,50,3,40,320,1,0,,,3,18,V
,,,,,,,,,,,1,0,True,True,,,5,50,4,40,0,40,,,14,50,4,40,320,1,0,,,3,19,V
,,,,,,,,,,,1,0,True,True,,,6,40,5,40,0,40,,,13,40,5,40,320,1,0,,,3,20,V
,,,,,,,,,,,2,0,True,True,,,5,50,3,40,0,40,,,14,50,3,40,320,2,0,,,5,1,V
,,,,,,,,,,,1,0,True,True,,,3,50,2,40,0,40,,,14,50,2,40,320,1,0,,,5,2,V
,,,,,,,,,,,0,0,True,True,,,1,40,1,40,0,40,,,12,40,1,40,320,0,0,,,5,3,V
,,,,,,,,,,,0,0,True,True,,,1,40,1,40,0,40,,,12,40,1,40,320,0,0,,,5,4,V
,,,,,,,,,,,2,0,True,True,,,3,50,1,40,0,40,,,13,50,1,40,320,2,0,,,5,5,V
,,,,,,,,,,,0,0,True,True,,,0,40,0,40,0,40,,,12,50,0,40,320,0,0,,,5,6,V
,,,,,,,,,,,1,0,True,True,,,3,50,2,40,0,40,,,14,50,2,40,320,1,0,,,5,7,V
,,,,,,,,,,,1,0,True,True,,,3,50,2,40,0,40,,,14,50,2,40,320,1,0,,,5,8,V
,,,,,,,,,,,0,0,True,True,,,2,40,2,40,0,40,,,14,50,2,40,320,0,0,,,5,9,V
,,,,,,,,,,,1,0,True,True,,,2,50,1,40,0,40,,,14,50,1,40,320,1,0,,,5,10,V
,,,,,,,,,,,1,0,True,True,,,4,40,3,40,0,40,,,14,50,3,40,320,1,0,,,5,11,V
,,,,,,,,,,,0,0,True,True,,,2,40,2,40,0,40,,,12,40,2,40,320,0,0,,,5,12,V
,,,,,,,,,,,1,0,True,True,,,4,50,3,40,0,40,,,14,50,3,40,320,1,0,,,5,13,V
,,,,,,,,,,,1,0,True,True,,,4,50,3,40,0,40,,,13,50,3,40,320,1,0,,,5,14,V
,,,,,,,,,,,0,0,True,True,,,2,40,2,40,0,40,,,13,50,2,40,320,0,0,,,5,15,V
,,,,,,,,,,,1,0,True,True,,,3,40,2,40,0,40,,,14,50,2,40,320,1,0,,,5,16,V
,,,,,,,,,,,1,0,True,True,,,4,50,3,40,0,40,,,13,50,3,40,320,1,0,,,5,17,V
,,,,,,,,,,,1,0,True,True,,,3,50,2,40,0,40,,,14,50,2,40,320,1,0,,,5,18,V
,,,,,,,,,,,1,0,True,True,,,1,50,0,40,0,40,,,14,50,0,40,320,1,0,,,5,19,V
,,,,,,,,,,,1,0,True,True,,,4,40,3,40,0,40,,,13,40,3,40,320,1,0,,,5,20,V
,,,,,,,,,,,5,0,True,True,,,10,40,5,40,0,40,,,18,40,5,40,640,5,0,,,3,1,V
,,,,,,,,,,,7,0,True,True,,,12,40,5,40,0,40,,,18,40,5,40,640,7,0,,,3,2,V
,,,,,,,,,,,7,0,True,True,,,11,40,4,40,0,40,,,15,40,4,40,640,7,0,,,3,3,V
,,,,,,,,,,,6,0,True,True,,,9,40,3,40,0,40,,,17,40,3,40,640,6,0,,,3,4,V
,,,,,,,,,,,7,0,True,True,,,10,40,3,40,0,40,,,17,40,3,40,640,7,0,,,3,5,V
,,,,,,,,,,,4,0,True,True,,,5,40,1,40,0,40,,,16,40,1,40,640,4,0,,,3,6,V
,,,,,,,,,,,7,0,True,True,,,11,40,4,40,0,40,,,18,40,4,40,640,7,0,,,3,7,V
,,,,,,,,,,,4,0,True,True,,,8,40,4,40,0,40,,,18,40,4,40,640,4,0,,,3,8,V
,,,,,,,,,,,5,0,True,True,,,8,40,3,40,0,40,,,17,40,3,40,640,5,0,,,3,9,V
,,,,,,,,,,,7,0,True,True,,,10,40,3,40,0,40,,,16,40,3,40,640,7,0,,,3,10,V
,,,,,,,,,,,6,0,True,True,,,11,40,5,40,0,40,,,19,40,5,40,640,6,0,,,3,11,V
,,,,,,,,,,,5,0,True,True,,,8,40,3,40,0,40,,,16,40,3,40,640,5,0,,,3,12,V
,,,,,,,,,,,7,0,True,True,,,12,40,5,40,0,40,,,18,40,5,40,640,7,0,,,3,13,V
,,,,,,,,,,,6,0,True,True,,,11,40,5,40,0,40,,,18,40,5,40,640,6,0,,,3,14,V
,,,,,,,,,,,6,0,True,True,,,9,40,3,40,0,40,,,17,40,3,40,640,6,0,,,3,15,V
,,,,,,,,,,,6,0,True,True,,,10,40,4,40,0,40,,,18,40,4,40,640,6,0,,,3,16,V
,,,,,,,,,,,6,0,True,True,,,11,40,5,40,0,40,,,16,40,5,40,640,6,0,,,3,17,V
,,,,,,,,,,,6,0,True,True,,,9,40,3,40,0,40,,,18,40,3,40,640,6,0,,,3,18,V
,,,,,,,,,,,3,0,True,True,,,7,40,4,40,0,40,,,16,40,4,40,640,3,0,,,3,19,V
,,,,,,,,,,,6,0,True,True,,,11,40,5,40,0,40,,,18,40,5,40,640,6,0,,,3,20,V
,,,,,,,,,,,3,0,True,True,,,6,40,3,40,0,40,,,18,40,3,40,640,3,0,,,5,1,V
,,,,,,,,,,,4,0,True,True,,,6,40,2,40,0,40,,,18,40,2,40,640,4,0,,,5,2,V
,,,,,,,,,,,2,0,True,True,,,3,40,1,40,0,40,,,15,40,1,40,640,2,0,,,5,3,V
,,,,,,,,,,,4,0,True,True,,,5,40,1,40,0,40,,,17,40,1,40,640,4,0,,,5,4,V
,,,,,,,,,,,4,0,True,True,,,5,40,1,40,0,40,,,17,40,1,40,640,4,0,,,5,5,V
,,,,,,,,,,,1,0,True,True,,,1,40,0,40,0,40,,,16,40,0,40,640,1,0,,,5,6,V
,,,,,,,,,,,5,0,True,True,,,7,40,2,40,0,40,,,18,40,2,40,640,5,0,,,5,7,V
,,,,,,,,,,,4,0,True,True,,,6,40,2,40,0,40,,,18,40,2,40,640,4,0,,,5,8,V
,,,,,,,,,,,4,0,True,True,,,6,40,2,40,0,40,,,17,40,2,40,640,4,0,,,5,9,V
,,,,,,,,,,,4,0,True,True,,,5,40,1,40,0,40,,,16,40,1,40,640,4,0,,,5,10,V
,,,,,,,,,,,5,0,True,True,,,8,40,3,40,0,40,,,19,40,3,40,640,5,0,,,5,11,V
,,,,,,,,,,,3,0,True,True,,,5,40,2,40,0,40,,,16,40,2,40,640,3,0,,,5,12,V
,,,,,,,,,,,5,0,True,True,,,8,40,3,40,0,40,,,18,40,3,40,640,5,0,,,5,13,V
,,,,,,,,,,,4,0,True,True,,,7,40,3,40,0,40,,,18,40,3,40,640,4,0,,,5,14,V
,,,,,,,,,,,5,0,True,True,,,7,40,2,40,0,40,,,17,40,2,40,640,5,0,,,5,15,V
,,,,,,,,,,,2,0,True,True,,,4,40,2,40,0,40,,,18,40,2,40,640,2,0,,,5,16,V
,,,,,,,,,,,4,0,True,True,,,7,40,3,40,0,40,,,16,40,3,40,640,4,0,,,5,17,V
,,,,,,,,,,,4,0,True,True,,,6,40,2,40,0,40,,,18,40,2,40,640,4,0,,,5,18,V
,,,,,,,,,,,1,0,True,True,,,1,40,0,40,0,40,,,16,40,0,40,640,1,0,,,5,19,V
,,,,,,,,,,,6,0,True,True,,,9,40,3,40,0,40,,,18,40,3,40,640,6,0,,,5,20,V
,,,,,,,,,,,,,,,True,True,8,90,8,90,0,40,,,23,160,8,90,320,,,,,3,1,R
,,,,,,,,,,,,,,,True,True,8,90,8,90,0,40,,,23,160,8,90,320,,,,,3,2,R
,,,,,,,,,,,,,,,True,True,6,70,6,70,0,40,,,23,160,6,70,320,,,,,3,3,R
,,,,,,,,,,,,,,,True,True,4,60,4,60,0,40,,,21,160,4,60,320,,,,,3,4,R
,,,,,,,,,,,,,,,True,True,8,90,8,90,0,40,,,22,160,8,90,320,,,,,3,5,R
,,,,,,,,,,,,,,,True,True,3,60,3,60,0,40,,,20,160,3,60,320,,,,,3,6,R
,,,,,,,,,,,,,,,True,True,7,70,7,70,0,40,,,24,160,7,70,320,,,,,3,7,R
,,,,,,,,,,,,,,,True,True,8,80,8,80,0,40,,,24,160,8,80,320,,,,,3,8,R
,,,,,,,,,,,,,,,True,True,5,60,5,60,0,40,,,24,160,5,60,320,,,,,3,9,R
,,,,,,,,,,,,,,,True,True,5,70,5,70,0,40,,,21,160,5,70,320,,,,,3,10,R
,,,,,,,,,,,,,,,True,True,7,70,7,70,0,40,,,24,160,7,70,320,,,,,3,11,R
,,,,,,,,,,,,,,,True,True,4,60,4,60,0,40,,,23,160,4,60,320,,,,,3,12,R
,,,,,,,,,,,,,,,True,True,7,80,7,80,0,40,,,23,160,7,80,320,,,,,3,13,R
,,,,,,,,,,,,,,,True,True,7,80,7,80,0,40,,,23,160,7,80,320,,,,,3,14,R
,,,,,,,,,,,,,,,True,True,5,70,5,70,0,40,,,23,160,5,70,320,,,,,3,15,R
,,,,,,,,,,,,,,,True,True,9,90,9,90,0,40,,,24,160,9,90,320,,,,,3,16,R
,,,,,,,,,,,,,,,True,True,8,80,8,80,0,40,,,24,160,8,80,320,,,,,3,17,R
,,,,,,,,,,,,,,,True,True,6,80,6,80,0,40,,,24,160,6,80,320,,,,,3,18,R
,,,,,,,,,,,,,,,True,True,6,70,6,70,0,40,,,22,160,6,70,320,,,,,3,19,R
,,,,,,,,,,,,,,,True,True,7,70,7,70,0,40,,,24,160,7,70,320,,,,,3,20,R
,,,,,,,,,,,,,,,True,True,5,70,5,70,0,40,,,23,160,5,70,320,,,,,5,1,R
,,,,,,,,,,,,,,,True,True,3,60,3,60,0,40,,,23,160,3,60,320,,,,,5,2,R
,,,,,,,,,,,,,,,True,True,1,40,1,40,0,40,,,23,160,1,40,320,,,,,5,3,R
,,,,,,,,,,,,,,,True,True,1,40,1,40,0,40,,,21,160,1,40,320,,,,,5,4,R
,,,,,,,,,,,,,,,True,True,3,70,3,70,0,40,,,22,160,3,70,320,,,,,5,5,R
,,,,,,,,,,,,,,,True,True,0,40,0,40,0,40,,,20,160,0,40,320,,,,,5,6,R
,,,,,,,,,,,,,,,True,True,3,50,3,50,0,40,,,24,160,3,50,320,,,,,5,7,R
,,,,,,,,,,,,,,,True,True,4,60,4,60,0,40,,,24,160,4,60,320,,,,,5,8,R
,,,,,,,,,,,,,,,True,True,2,50,2,50,0,40,,,24,160,2,50,320,,,,,5,9,R
,,,,,,,,,,,,,,,True,True,3,60,3,60,0,40,,,21,160,3,60,320,,,,,5,10,R
,,,,,,,,,,,,,,,True,True,4,60,4,60,0,40,,,24,160,4,60,320,,,,,5,11,R
,,,,,,,,,,,,,,,True,True,2,50,2,50,0,40,,,23,160,2,50,320,,,,,5,12,R
,,,,,,,,,,,,,,,True,True,4,60,4,60,0,40,,,23,160,4,60,320,,,,,5,13,R
,,,,,,,,,,,,,,,True,True,5,70,5,70,0,40,,,23,160,5,70,320,,,,,5,14,R
,,,,,,,,,,,,,,,True,True,1,40,1,40,0,40,,,23,160,1,40,320,,,,,5,15,R
,,,,,,,,,,,,,,,True,True,4,60,4,60,0,40,,,24,160,4,60,320,,,,,5,16,R
,,,,,,,,,,,,,,,True,True,3,50,3,50,0,40,,,24,160,3,50,320,,,,,5,17,R
,,,,,,,,,,,,,,,True,True,2,50,2,50,0,40,,,24,160,2,50,320,,,,,5,18,R
,,,,,,,,,,,,,,,True,True,1,50,1,50,0,40,,,22,160,1,50,320,,,,,5,19,R
,,,,,,,,,,,,,,,True,True,3,50,3,50,0,40,,,24,160,3,50,320,,,,,5,20,R
,,,,,,,,,,,,,,,True,True,15,100,15,100,0,40,,,24,160,15,100,640,,,,,3,1,R
,,,,,,,,,,,,,,,True,True,17,130,17,130,0,40,,,24,160,17,130,640,,,,,3,2,R
,,,,,,,,,,,,,,,True,True,14,130,14,130,0,40,,,24,160,14,130,640,,,,,3,3,R
,,,,,,,,,,,,,,,True,True,15,140,15,140,0,40,,,24,160,15,140,640,,,,,3,4,R
,,,,,,,,,,,,,,,True,True,15,120,15,120,0,40,,,24,160,15,120,640,,,,,3,5,R
,,,,,,,,,,,,,,,True,True,12,120,12,120,0,40,,,24,160,12,120,640,,,,,3,6,R
,,,,,,,,,,,,,,,True,True,17,140,17,140,0,40,,,24,160,17,140,640,,,,,3,7,R
,,,,,,,,,,,,,,,True,True,15,120,15,120,0,40,,,24,160,15,120,640,,,,,3,8,R
,,,,,,,,,,,,,,,True,True,14,130,14,130,0,40,,,24,160,14,130,640,,,,,3,9,R
,,,,,,,,,,,,,,,True,True,14,120,14,120,0,40,,,24,160,14,120,640,,,,,3,10,R
,,,,,,,,,,,,,,,True,True,16,130,16,130,0,40,,,24,160,16,130,640,,,,,3,11,R
,,,,,,,,,,,,,,,True,True,13,130,13,130,0,40,,,24,160,13,130,640,,,,,3,12,R
,,,,,,,,,,,,,,,True,True,18,140,18,140,0,40,,,24,160,18,140,640,,,,,3,13,R
,,,,,,,,,,,,,,,True,True,18,140,18,140,0,40,,,24,160,18,140,640,,,,,3,14,R
,,,,,,,,,,,,,,,True,True,15,140,15,140,0,40,,,24,160,15,140,640,,,,,3,15,R
,,,,,,,,,,,,,,,True,True,14,100,14,100,0,40,,,24,160,14,100,640,,,,,3,16,R
,,,,,,,,,,,,,,,True,True,17,130,17,130,0,40,,,24,160,17,130,640,,,,,3,17,R
,,,,,,,,,,,,,,,True,True,15,130,15,130,0,40,,,24,160,15,130,640,,,,,3,18,R
,,,,,,,,,,,,,,,True,True,10,80,10,80,0,40,,,24,160,10,80,640,,,,,3,19,R
,,,,,,,,,,,,,,,True,True,17,140,17,140,0,40,,,24,160,17,140,640,,,,,3,20,R
,,,,,,,,,,,,,,,True,True,7,60,7,60,0,40,,,24,160,7,60,640,,,,,5,1,R
,,,,,,,,,,,,,,,True,True,8,90,8,90,0,40,,,24,160,8,90,640,,,,,5,2,R
,,,,,,,,,,,,,,,True,True,6,90,6,90,0,40,,,24,160,6,90,640,,,,,5,3,R
,,,,,,,,,,,,,,,True,True,6,90,6,90,0,40,,,24,160,6,90,640,,,,,5,4,R
,,,,,,,,,,,,,,,True,True,8,90,8,90,0,40,,,24,160,8,90,640,,,,,5,5,R
,,,,,,,,,,,,,,,True,True,4,80,4,80,0,40,,,24,160,4,80,640,,,,,5,6,R
,,,,,,,,,,,,,,,True,True,9,90,9,90,0,40,,,24,160,9,90,640,,,,,5,7,R
,,,,,,,,,,,,,,,True,True,9,90,9,90,0,40,,,24,160,9,90,640,,,,,5,8,R
,,,,,,,,,,,,,,,True,True,8,90,8,90,0,40,,,24,160,8,90,640,,,,,5,9,R
,,,,,,,,,,,,,,,True,True,7,90,7,90,0,40,,,24,160,7,90,640,,,,,5,10,R
,,,,,,,,,,,,,,,True,True,8,80,8,80,0,40,,,24,160,8,80,640,,,,,5,11,R
,,,,,,,,,,,,,,,True,True,6,80,6,80,0,40,,,24,160,6,80,640,,,,,5,12,R
,,,,,,,,,,,,,,,True,True,11,100,11,100,0,40,,,24,160,11,100,640,,,,,5,13,R
,,,,,,,,,,,,,,,True,True,10,90,10,90,0,40,,,24,160,10,90,640,,,,,5,14,R
,,,,,,,,,,,,,,,True,True,9,100,9,100,0,40,,,24,160,9,100,640,,,,,5,15,R
,,,,,,,,,,,,,,,True,True,6,60,6,60,0,40,,,24,160,6,60,640,,,,,5,16,R
,,,,,,,,,,,,,,,True,True,9,90,9,90,0,40,,,24,160,9,90,640,,,,,5,17,R
,,,,,,,,,,,,,,,True,True,8,80,8,80,0,40,,,24,160,8,80,640,,,,,5,18,R
,,,,,,,,,,,,,,,True,True,2,50,2,50,0,40,,,24,160,2,50,640,,,,,5,19,R
,,,,,,,,,,,,,,,True,True,9,100,9,100,0,40,,,24,160,9,100,640,,,,,5,20,R
